NT,CT,QmT,TT,C,Si,Mn,P,S,Ni,Cr,Cu,Mo,RR,dB,dC,FS,I,HVN,ASP,MS,RA,YS,hcASP,lumpASP,CRS,cFS
885,30,30,30,0.26,0.21,0.44,0.017,0.022,0.01,0.02,0.01,0,825,0.02,0.04,232,0.06,138,-1921.96,391.229,0.008628955,45.05352239,-1928.3576,-16.63971096,0,232
885,30,30,30,0.25,0.18,0.44,0.009,0.017,0.08,0.12,0.08,0,610,0,0.04,235,0.04,144,-1907.66,386.688,0.009729031,47.45845081,-1914.3991,-18.62524819,0,235
885,30,30,30,0.26,0.27,0.43,0.008,0.015,0.02,0.03,0.01,0,1270,0.02,0,235,0.02,135,-1925.57,391.595,0.008508389,43.85967017,-1931.798073,-16.43648948,0,235
885,30,30,30,0.26,0.23,0.51,0.018,0.024,0.01,0.02,0.01,0,1740,0,0,241,0,146,-1912.37,388.75,0.009233354,48.26509453,-1919.223643,-17.7208713,0,241
885,30,30,30,0.22,0.19,0.42,0.026,0.022,0.01,0.02,0.02,0,825,0.02,0,225,0.02,134,-2019.28,407.513,0.005284007,43.46301947,-2025.451749,-10.70250122,0,225
885,30,30,30,0.26,0.22,0.45,0.026,0.026,0.02,0.05,0.03,0,825,0.02,0.02,245,0.04,146,-1909.88,388.821,0.009246665,48.26509453,-1916.733643,-17.72339389,0,245
885,30,30,30,0.28,0.27,0.5,0.021,0.018,0.02,0.03,0.01,0,1270,0.01,0,255,0.01,147,-1866.84,380.965,0.0116609,48.66933892,-1873.751046,-21.84962357,0,255
885,30,30,30,0.27,0.25,0.54,0.02,0.021,0.01,0.02,0.02,0,1740,0,0,245,0,146,-1881.1,383.174,0.010885902,48.26509453,-1887.953643,-20.55207834,0,245
885,30,30,30,0.27,0.23,0.37,0.008,0.03,0.06,0.1,0.09,0,610,0,0.04,275,0.04,155,-1874.83,382.607,0.011118558,51.92501309,-1882.203352,-20.92738714,0,275
885,30,30,30,0.22,0.26,0.47,0.021,0.023,0.02,0.02,0.01,0,1270,0.03,0,239,0.03,132,-2018.46,406.388,0.005421078,42.6716908,-2024.51938,-10.97507747,0,239
885,30,30,30,0.23,0.26,0.51,0.029,0.024,0.01,0.03,0.03,0,1740,0,0,255,0,140,-1979.51,399.824,0.006597143,45.85263723,-1986.021074,-13.10206503,0,255
865,30,30,550,0.35,0.21,0.77,0.021,0.022,0.01,0.01,0.02,0,825,0.03,0,397,0.03,235,-1660.32,343.455,0.035443626,86.34108062,-1672.580433,-59.28231534,0,397
865,30,30,550,0.35,0.3,0.74,0.017,0.024,0.01,0.1,0.01,0,1270,0.02,0,419,0.02,249,-1666.17,345.113,0.033880077,92.66709535,-1679.328728,-56.8957866,0,419
865,30,30,550,0.34,0.26,0.74,0.012,0.015,0.01,0.02,0.01,0,1740,0,0,401,0,239,-1693.47,349.421,0.029662228,88.14019919,-1705.985908,-50.60334298,0,401
865,30,30,550,0.36,0.26,0.7,0.009,0.023,0.08,0.12,0.09,0,610,0,0.03,394,0.03,261,-1617.22,334.51,0.045791533,98.15276313,-1631.157692,-74.6932113,0,394
865,30,30,550,0.33,0.21,0.75,0.031,0.019,0.01,0.03,0.02,0,825,0,0,426,0,230,-1706.16,351.501,0.027855005,84.10173118,-1718.102446,-47.85775222,0,426
865,30,30,550,0.38,0.29,0.7,0.01,0.03,0.06,0.09,0.11,0,610,0.01,0.01,426,0.02,262,-1575.75,328,0.056013451,98.61246978,-1589.752971,-89.04755013,0,426
865,30,30,550,0.33,0.26,0.76,0.023,0.013,0.01,0.1,0.03,0,1270,0.02,0,454,0.02,258,-1697.77,350.22,0.028940079,96.77599184,-1711.512191,-49.53129801,0,454
865,30,30,550,0.32,0.26,0.73,0.015,0.019,0.02,0.02,0.03,0,1740,0,0,418,0,248,-1732.22,355.653,0.024487239,92.21256088,-1745.314184,-42.73792555,0,418
865,30,30,550,0.37,0.27,0.78,0.016,0.02,0.01,0.11,0.02,0,1270,0.01,0,416,0.01,251,-1609.3,335.055,0.045761195,93.57737876,-1622.587988,-74.25156531,0,416
865,30,30,550,0.35,0.25,0.82,0.016,0.023,0.03,0.01,0.01,0,825,0.04,0,395,0.04,227,-1657.94,341.705,0.036959049,82.76328274,-1669.692386,-61.71024271,0,395
865,30,30,550,0.37,0.24,0.72,0.015,0.02,0.02,0.02,0.02,0,1740,0,0,433,0,246,-1623.83,337.436,0.042588823,91.30471275,-1636.795269,-69.70918401,0,433
865,30,30,550,0.32,0.21,0.63,0.007,0.017,0.06,0.1,0.08,0,610,0.05,0.03,379,0.08,234,-1719.2,353.377,0.026221369,85.89235726,-1731.396715,-45.39959214,0,379
865,30,30,600,0.35,0.21,0.77,0.021,0.022,0.01,0.01,0.02,0,825,0.03,0,382,0.03,218,-1660.32,343.455,0.035443626,78.77161806,-1671.50557,-59.24421827,0,382
865,30,30,600,0.35,0.3,0.74,0.017,0.024,0.01,0.1,0.01,0,1270,0.02,0,385,0.02,231,-1666.17,345.113,0.033880077,84.54874473,-1678.175922,-56.85672945,0,385
865,30,30,600,0.34,0.26,0.74,0.012,0.015,0.01,0.02,0.01,0,1740,0,0,365,0,218,-1693.47,349.421,0.029662228,78.77161806,-1704.65557,-50.56388217,0,365
865,30,30,600,0.36,0.26,0.7,0.009,0.023,0.08,0.12,0.09,0,610,0,0.03,379,0.03,244,-1617.22,334.51,0.045791533,90.39850094,-1630.056587,-74.64279,0,379
865,30,30,600,0.33,0.21,0.75,0.031,0.019,0.01,0.03,0.02,0,825,0,0,377,0,218,-1706.16,351.501,0.027855005,78.77161806,-1717.34557,-47.83666943,0,377
865,30,30,600,0.38,0.29,0.7,0.01,0.03,0.06,0.09,0.11,0,610,0.01,0.01,394,0.02,244,-1575.75,328,0.056013451,90.39850094,-1588.586587,-88.98221696,0,394
865,30,30,600,0.33,0.26,0.76,0.023,0.013,0.01,0.1,0.03,0,1270,0.02,0,425,0.02,237,-1697.77,350.22,0.028940079,87.23979766,-1710.158051,-49.49210911,0,425
865,30,30,600,0.32,0.26,0.73,0.015,0.019,0.02,0.02,0.03,0,1740,0,0,395,0,226,-1732.22,355.653,0.024487239,82.31800225,-1743.909156,-42.70352031,0,395
865,30,30,600,0.37,0.27,0.78,0.016,0.02,0.01,0.11,0.02,0,1270,0.01,0,393,0.01,230,-1609.3,335.055,0.045761195,84.10173118,-1621.242446,-74.18999171,0,393
865,30,30,600,0.35,0.25,0.82,0.016,0.023,0.03,0.01,0.01,0,825,0.04,0,375,0.04,217,-1657.94,341.705,0.036959049,78.3303258,-1669.062906,-61.68697774,0,375
865,30,30,600,0.37,0.24,0.72,0.015,0.02,0.02,0.02,0.02,0,1740,0,0,389,0,226,-1623.83,337.436,0.042588823,82.31800225,-1635.519156,-69.65483586,0,389
865,30,30,600,0.32,0.21,0.63,0.007,0.017,0.06,0.1,0.08,0,610,0.05,0.03,358,0.08,217,-1719.2,353.377,0.026221369,78.3303258,-1730.322906,-45.37143541,0,358
865,30,30,650,0.35,0.21,0.77,0.021,0.022,0.01,0.01,0.02,0,825,0.03,0,344,0.03,201,-1660.32,343.455,0.035443626,71.33212583,-1670.449162,-59.20677535,0,344
865,30,30,650,0.35,0.3,0.74,0.017,0.024,0.01,0.1,0.01,0,1270,0.02,0,369,0.02,208,-1666.17,345.113,0.033880077,74.37918917,-1676.731845,-56.80780401,0,369
865,30,30,650,0.34,0.26,0.74,0.012,0.015,0.01,0.02,0.01,0,1740,0,0,325,0,203,-1693.47,349.421,0.029662228,72.20034913,-1703.72245,-50.53620375,0,325
865,30,30,650,0.36,0.26,0.7,0.009,0.023,0.08,0.12,0.09,0,610,0,0.03,338,0.03,219,-1617.22,334.51,0.045791533,79.21335972,-1628.468297,-74.57005977,0,338
865,30,30,650,0.33,0.21,0.75,0.031,0.019,0.01,0.03,0.02,0,825,0,0,362,0,207,-1706.16,351.501,0.027855005,73.94248184,-1716.659832,-47.81756822,0,362
865,30,30,650,0.38,0.29,0.7,0.01,0.03,0.06,0.09,0.11,0,610,0.01,0.01,361,0.02,221,-1575.75,328,0.056013451,80.0981849,-1587.123942,-88.90028917,0,361
865,30,30,650,0.33,0.26,0.76,0.023,0.013,0.01,0.1,0.03,0,1270,0.02,0,385,0.02,215,-1697.77,350.22,0.028940079,77.44909598,-1708.767772,-49.4518743,0,385
865,30,30,650,0.32,0.26,0.73,0.015,0.019,0.02,0.02,0.03,0,1740,0,0,348,0,202,-1732.22,355.653,0.024487239,71.76599904,-1742.410772,-42.66682901,0,348
865,30,30,650,0.37,0.27,0.78,0.016,0.02,0.01,0.11,0.02,0,1270,0.01,0,368,0.01,212,-1609.3,335.055,0.045761195,76.13066252,-1620.110554,-74.13819499,0,368
865,30,30,650,0.35,0.25,0.82,0.016,0.023,0.03,0.01,0.01,0,825,0.04,0,341,0.04,201,-1657.94,341.705,0.036959049,71.33212583,-1668.069162,-61.65024989,0,341
865,30,30,650,0.37,0.24,0.72,0.015,0.02,0.02,0.02,0.02,0,1740,0,0,365,0,206,-1623.83,337.436,0.042588823,73.5062424,-1634.267886,-69.60154575,0,365
865,30,30,650,0.32,0.21,0.63,0.007,0.017,0.06,0.1,0.08,0,610,0.05,0.03,325,0.08,195,-1719.2,353.377,0.026221369,68.73900536,-1728.960939,-45.33572276,0,325
845,30,30,550,0.45,0.25,0.79,0.018,0.016,0.02,0.13,0.02,0,1740,0,0,513,0,297,-1433.2,304.26,0.11595742,114.9397893,-1449.52145,-168.0827676,0,513
845,30,30,550,0.45,0.26,0.76,0.027,0.019,0.01,0.11,0.02,0,1270,0.01,0,448,0.01,271,-1441.02,306.259,0.1098165,102.7672208,-1455.612945,-159.850319,0,448
845,30,30,550,0.45,0.24,0.71,0.01,0.009,0.12,0.06,0.13,0,610,0,0.01,465,0.01,289,-1415.52,297.535,0.137621794,111.1681576,-1431.305878,-196.9788827,0,465
845,30,30,550,0.44,0.24,0.82,0.021,0.021,0.03,0.02,0.02,0,825,0.03,0.01,446,0.04,258,-1458.61,307.527,0.104040587,96.77599184,-1472.352191,-153.1843862,0,446
845,30,30,550,0.42,0.22,0.78,0.022,0.02,0.01,0.02,0.03,0,825,0.04,0,437,0.04,254,-1503.21,316.506,0.080101033,94.94582121,-1516.692307,-121.4886205,0,437
845,30,30,550,0.48,0.25,0.75,0.024,0.022,0.02,0.1,0.01,0,1740,0,0,502,0,298,-1383.37,295.8,0.15044094,115.4128429,-1399.758624,-210.5810031,0,502
845,30,30,550,0.47,0.25,0.72,0.015,0.01,0.13,0.04,0.04,0,610,0,0.03,465,0.03,281,-1395.42,293.389,0.155435977,107.4196246,-1410.673587,-219.2694272,0,465
845,30,30,550,0.43,0.22,0.83,0.017,0.016,0.01,0.12,0.01,0,1740,0,0,475,0,278,-1472.58,311.11,0.094223406,106.0199832,-1487.634838,-140.1700213,0,475
845,30,30,550,0.49,0.26,0.8,0.027,0.023,0.02,0.09,0.01,0,1270,0.01,0,504,0.01,298,-1357.91,290.772,0.174317979,115.4128429,-1374.298624,-239.5649586,0,504
845,30,30,550,0.45,0.25,0.79,0.011,0.025,0.12,0.04,0.15,0,610,0,0.04,486,0.04,301,-1403.01,294.523,0.149625758,116.8341144,-1419.600444,-212.4087925,0,486
845,30,30,550,0.42,0.26,0.7,0.024,0.01,0.01,0.1,0.01,0,1270,0.01,0,452,0.01,255,-1517.18,320.083,0.07264874,95.40276838,-1530.727193,-111.2054019,0,452
845,30,30,600,0.45,0.25,0.79,0.018,0.016,0.02,0.13,0.02,0,1740,0,0,459,0,266,-1433.2,304.26,0.11595742,100.45518,-1447.464636,-167.8442647,0,459
845,30,30,600,0.45,0.26,0.76,0.027,0.019,0.01,0.11,0.02,0,1270,0.01,0,415,0.01,245,-1441.02,306.259,0.1098165,90.85140166,-1453.920899,-159.6645044,0,415
845,30,30,600,0.45,0.24,0.71,0.01,0.009,0.12,0.06,0.13,0,610,0,0.01,437,0.01,260,-1415.52,297.535,0.137621794,97.69344714,-1429.392469,-196.715556,0,437
845,30,30,600,0.44,0.24,0.82,0.021,0.021,0.03,0.02,0.02,0,825,0.03,0.01,415,0.04,239,-1458.61,307.527,0.104040587,88.14019919,-1471.125908,-153.056803,0,415
845,30,30,600,0.42,0.22,0.78,0.022,0.02,0.01,0.02,0.03,0,825,0.04,0,401,0.04,232,-1503.21,316.506,0.080101033,84.99618789,-1515.279459,-121.3754499,0,401
845,30,30,600,0.48,0.25,0.75,0.024,0.022,0.02,0.1,0.01,0,1740,0,0,463,0,269,-1383.37,295.8,0.15044094,101.8412585,-1397.831459,-210.2910786,0,463
845,30,30,600,0.47,0.25,0.72,0.015,0.01,0.13,0.04,0.04,0,610,0,0.03,442,0.03,256,-1395.42,293.389,0.155435977,95.86011334,-1409.032136,-219.0142867,0,442
845,30,30,600,0.43,0.22,0.83,0.017,0.016,0.01,0.12,0.01,0,1740,0,0,438,0,255,-1472.58,311.11,0.094223406,95.40276838,-1486.127193,-140.0279659,0,438
845,30,30,600,0.49,0.26,0.8,0.027,0.023,0.02,0.09,0.01,0,1270,0.01,0,468,0.01,272,-1357.91,290.772,0.174317979,103.2307715,-1372.56877,-239.2634139,0,468
845,30,30,600,0.45,0.25,0.79,0.011,0.025,0.12,0.04,0.15,0,610,0,0.04,452,0.04,268,-1403.01,294.523,0.149625758,101.3788493,-1417.405797,-212.0804167,0,452
845,30,30,600,0.42,0.26,0.7,0.024,0.01,0.01,0.1,0.01,0,1270,0.01,0,422,0.01,237,-1517.18,320.083,0.07264874,87.23979766,-1529.568051,-111.1211917,0,422
845,30,30,650,0.45,0.25,0.79,0.018,0.016,0.02,0.13,0.02,0,1740,0,0,413,0,240,-1433.2,304.26,0.11595742,88.59102819,-1445.779926,-167.6489101,0,413
845,30,30,650,0.45,0.26,0.76,0.027,0.019,0.01,0.11,0.02,0,1270,0.01,0,395,0.01,233,-1441.02,306.259,0.1098165,85.44405921,-1453.153056,-159.5801826,0,395
845,30,30,650,0.45,0.24,0.71,0.01,0.009,0.12,0.06,0.13,0,610,0,0.01,398,0.01,237,-1415.52,297.535,0.137621794,87.23979766,-1427.908051,-196.5112677,0,398
845,30,30,650,0.44,0.24,0.82,0.021,0.021,0.03,0.02,0.02,0,825,0.03,0.01,378,0.04,219,-1458.61,307.527,0.104040587,79.21335972,-1469.858297,-152.92492,0,378
845,30,30,650,0.42,0.22,0.78,0.022,0.02,0.01,0.02,0.03,0,825,0.04,0,372,0.04,215,-1503.21,316.506,0.080101033,77.44909598,-1514.207772,-121.2896067,0,372
845,30,30,650,0.48,0.25,0.75,0.024,0.022,0.02,0.1,0.01,0,1740,0,0,415,0,237,-1383.37,295.8,0.15044094,87.23979766,-1395.758051,-209.9791532,0,415
845,30,30,650,0.47,0.25,0.72,0.015,0.01,0.13,0.04,0.04,0,610,0,0.03,396,0.03,235,-1395.42,293.389,0.155435977,86.34108062,-1407.680433,-218.8041835,0,396
845,30,30,650,0.43,0.22,0.83,0.017,0.016,0.01,0.12,0.01,0,1740,0,0,388,0,230,-1472.58,311.11,0.094223406,84.10173118,-1484.522446,-139.8767611,0,388
845,30,30,650,0.49,0.26,0.8,0.027,0.023,0.02,0.09,0.01,0,1270,0.01,0,415,0.01,245,-1357.91,290.772,0.174317979,90.85140166,-1370.810899,-238.9569855,0,415
845,30,30,650,0.45,0.25,0.79,0.011,0.025,0.12,0.04,0.15,0,610,0,0.04,398,0.04,236,-1403.01,294.523,0.149625758,86.79022789,-1415.334212,-211.7704543,0,398
845,30,30,650,0.42,0.26,0.7,0.024,0.01,0.01,0.1,0.01,0,1270,0.01,0,382,0.01,220,-1517.18,320.083,0.07264874,79.6555492,-1528.491088,-111.0429516,0,382
825,30,30,550,0.55,0.23,0.76,0.018,0.012,0.01,0.09,0.01,0,1740,0,0,523,0,309,-1240.7,270.716,0.322393738,120.6394907,-1257.830808,-405.5167759,0,523
825,30,30,550,0.54,0.26,0.76,0.022,0.021,0.02,0.12,0.01,0,1270,0.01,0,534,0.01,308,-1259.93,273.831,0.292594168,120.1626105,-1276.993091,-373.6407309,0,534
825,30,30,550,0.52,0.29,0.83,0.016,0.025,0.04,0.04,0.02,0,825,0.02,0,489,0.02,290,-1294.93,278.239,0.25149671,111.6383585,-1310.782647,-329.6575232,0,489
825,30,30,550,0.56,0.26,0.37,0.019,0.026,0.04,0.13,0.11,0,660,0,0,500,0,317,-1243.18,273.498,0.303566044,124.4667935,-1260.854285,-382.7525473,0,500
825,30,30,550,0.54,0.2,0.75,0.013,0.019,0.01,0.01,0.01,0,825,0,0,495,0,280,-1266.25,275.1,0.281936019,106.9527073,-1281.437284,-361.2833266,0,495
825,30,30,550,0.57,0.23,0.74,0.018,0.017,0.01,0.12,0.02,0,1740,0,0,522,0,314,-1197.47,263.204,0.405893448,123.0290132,-1214.94012,-493.1362344,0,522
825,30,30,550,0.53,0.3,0.83,0.019,0.026,0.02,0.12,0.01,0,1270,0,0,531,0,306,-1274.1,275.686,0.274662999,119.2098812,-1291.027803,-354.5975682,0,531
825,30,30,550,0.57,0.3,0.82,0.024,0.022,0.02,0.1,0.01,0,1270,0.01,0,533,0.01,319,-1198.33,262.071,0.415173236,125.4269942,-1216.140633,-504.9090421,0,533
825,30,30,550,0.56,0.25,0.68,0.009,0.023,0.03,0.1,0.03,0,610,0,0.04,492,0.04,291,-1223.99,267.572,0.354243666,112.1089194,-1239.909467,-439.2300749,0,492
825,30,30,550,0.52,0.21,0.8,0.021,0.021,0.02,0.1,0.02,0,1740,0,0,505,0,307,-1288.01,278.449,0.253224769,119.6860737,-1305.005422,-330.4596966,0,505
825,30,30,550,0.54,0.27,0.7,0.017,0.02,0.06,0.1,0.22,0,610,0,0.04,541,0.04,325,-1218.99,265.145,0.374888975,128.315591,-1237.210814,-463.8166939,0,541
825,30,30,600,0.55,0.23,0.76,0.018,0.012,0.01,0.09,0.01,0,1740,0,0,468,0,276,-1240.7,270.716,0.322393738,105.088747,-1255.622602,-404.8048642,0,468
825,30,30,600,0.54,0.26,0.76,0.022,0.021,0.02,0.12,0.01,0,1270,0.01,0,459,0.01,275,-1259.93,273.831,0.292594168,104.6236894,-1274.786564,-372.995114,0,459
825,30,30,600,0.52,0.29,0.83,0.016,0.025,0.04,0.04,0.02,0,825,0.02,0,444,0.02,261,-1294.93,278.239,0.25149671,98.15276313,-1308.867692,-329.1759185,0,444
825,30,30,600,0.56,0.26,0.37,0.019,0.026,0.04,0.13,0.11,0,660,0,0,458,0,283,-1243.18,273.498,0.303566044,108.3545649,-1258.566348,-382.0580074,0,458
825,30,30,600,0.54,0.2,0.75,0.013,0.019,0.01,0.01,0.01,0,825,0,0,445,0,259,-1266.25,275.1,0.281936019,97.23452298,-1280.057302,-360.8942599,0,445
825,30,30,600,0.57,0.23,0.74,0.018,0.017,0.01,0.12,0.02,0,1740,0,0,464,0,281,-1197.47,263.204,0.405893448,107.4196246,-1212.723587,-492.2365581,0,464
825,30,30,600,0.53,0.3,0.83,0.019,0.026,0.02,0.12,0.01,0,1270,0,0,466,0,276,-1274.1,275.686,0.274662999,105.088747,-1289.022602,-354.0468137,0,466
825,30,30,600,0.57,0.3,0.82,0.024,0.022,0.02,0.1,0.01,0,1270,0.01,0,486,0.01,282,-1198.33,262.071,0.415173236,107.8869109,-1213.649941,-503.8749735,0,486
825,30,30,600,0.56,0.25,0.68,0.009,0.023,0.03,0.1,0.03,0,610,0,0.04,461,0.04,266,-1223.99,267.572,0.354243666,100.45518,-1238.254636,-438.6438615,0,461
825,30,30,600,0.52,0.21,0.8,0.021,0.021,0.02,0.1,0.02,0,1740,0,0,464,0,277,-1288.01,278.449,0.253224769,105.5541786,-1302.998693,-329.9515431,0,464
825,30,30,600,0.54,0.27,0.7,0.017,0.02,0.06,0.1,0.22,0,610,0,0.04,475,0.04,285,-1218.99,265.145,0.374888975,109.2909725,-1234.509318,-462.8039329,0,475
825,30,30,650,0.55,0.23,0.76,0.018,0.012,0.01,0.09,0.01,0,1740,0,0,419,0,248,-1240.7,270.716,0.322393738,92.21256088,-1253.794184,-404.2153935,0,419
825,30,30,650,0.54,0.26,0.76,0.022,0.021,0.02,0.12,0.01,0,1270,0.01,0,418,0.01,249,-1259.93,273.831,0.292594168,92.66709535,-1273.088728,-372.498337,0,418
825,30,30,650,0.52,0.29,0.83,0.016,0.025,0.04,0.04,0.02,0,825,0.02,0,402,0.02,235,-1294.93,278.239,0.25149671,86.34108062,-1307.190433,-328.7540934,0,402
825,30,30,650,0.56,0.26,0.37,0.019,0.026,0.04,0.13,0.11,0,660,0,0,398,0,253,-1243.18,273.498,0.303566044,94.48927307,-1256.597477,-381.4603249,0,398
825,30,30,650,0.54,0.2,0.75,0.013,0.019,0.01,0.01,0.01,0,825,0,0,411,0,234,-1266.25,275.1,0.281936019,85.89235726,-1278.446715,-360.4401773,0,411
825,30,30,650,0.57,0.23,0.74,0.018,0.017,0.01,0.12,0.02,0,1740,0,0,428,0,249,-1197.47,263.204,0.405893448,92.66709535,-1210.628728,-491.3862685,0,428
825,30,30,650,0.53,0.3,0.83,0.019,0.026,0.02,0.12,0.01,0,1270,0,0,415,0,250,-1274.1,275.686,0.274662999,93.12203507,-1287.323329,-353.5800862,0,415
825,30,30,650,0.57,0.3,0.82,0.024,0.022,0.02,0.1,0.01,0,1270,0.01,0,425,0.01,253,-1198.33,262.071,0.415173236,94.48927307,-1211.747477,-503.0851211,0,425
825,30,30,650,0.56,0.25,0.68,0.009,0.023,0.03,0.1,0.03,0,610,0,0.04,412,0.04,242,-1223.99,267.572,0.354243666,89.4939359,-1236.698139,-438.0924825,0,412
825,30,30,650,0.52,0.21,0.8,0.021,0.021,0.02,0.1,0.02,0,1740,0,0,410,0,249,-1288.01,278.449,0.253224769,92.66709535,-1301.168728,-329.4881505,0,410
825,30,30,650,0.54,0.27,0.7,0.017,0.02,0.06,0.1,0.22,0,610,0,0.04,415,0.04,249,-1218.99,265.145,0.374888975,92.66709535,-1232.148728,-461.9189735,0,415
870,30,30,550,0.43,0.24,0.74,0.022,0.013,0.03,1.12,0.02,0,1740,0,0,582,0,328,-1386.57,300.142,0.135607493,129.7643468,-1404.996537,-190.5280581,0,582
870,30,30,550,0.42,0.27,0.71,0.01,0.008,0.02,0.96,0.04,0,820,0,0.01,524,0.01,328,-1423.29,306.638,0.111322081,129.7643468,-1441.716537,-160.4948851,0,524
870,30,30,550,0.4,0.31,0.78,0.012,0.01,0.07,1.1,0.13,0,1120,0,0.03,583,0.03,343,-1419.88,303.779,0.118762294,137.0518652,-1439.341365,-170.9394823,0,583
870,30,30,550,0.42,0.22,0.72,0.016,0.014,0.03,1.06,0.01,0,1740,0,0.01,569,0.01,320,-1417.41,305.565,0.115145022,125.9075962,-1435.288879,-165.2663695,0,569
870,30,30,550,0.39,0.25,0.73,0.011,0.005,0.06,0.98,0.11,0,820,0.01,0.01,536,0.02,344,-1459.43,311.174,0.09543554,137.5402538,-1478.960716,-141.1454146,0,536
870,30,30,550,0.42,0.32,0.81,0.014,0.007,0.03,1.09,0.04,0,1120,0,0.01,577,0.01,344,-1401.26,301.813,0.127583068,137.5402538,-1420.790716,-181.2688385,0,577
870,30,30,550,0.42,0.26,0.78,0.01,0.004,0.04,0.94,0.05,0,820,0,0.02,565,0.02,345,-1410.85,302.845,0.123043927,138.0289576,-1430.450112,-176.0081992,0,565
870,30,30,550,0.4,0.32,0.79,0.013,0.011,0.05,1.09,0.04,0,1120,0,0.01,562,0.01,324,-1443.4,308.612,0.103358162,127.8333301,-1461.552333,-151.0633628,0,562
870,30,30,600,0.43,0.24,0.74,0.022,0.013,0.03,1.12,0.02,0,1740,0,0,522,0,299,-1386.57,300.142,0.135607493,115.8862489,-1403.025847,-190.2608178,0,522
870,30,30,600,0.42,0.27,0.71,0.01,0.008,0.02,0.96,0.04,0,820,0,0.01,504,0.01,297,-1423.29,306.638,0.111322081,114.9397893,-1439.61145,-160.2605425,0,504
870,30,30,600,0.4,0.31,0.78,0.012,0.01,0.07,1.1,0.13,0,1120,0,0.03,516,0.03,318,-1419.88,303.779,0.118762294,124.9467263,-1437.622435,-170.7353383,0,516
870,30,30,600,0.42,0.22,0.72,0.016,0.014,0.03,1.06,0.01,0,1740,0,0.01,517,0.01,296,-1417.41,305.565,0.115145022,114.4670889,-1433.664327,-165.0793104,0,517
870,30,30,600,0.39,0.25,0.73,0.011,0.005,0.06,0.98,0.11,0,820,0.01,0.01,511,0.02,305,-1459.43,311.174,0.09543554,118.734034,-1476.290233,-140.8905556,0,511
870,30,30,600,0.42,0.32,0.81,0.014,0.007,0.03,1.09,0.04,0,1120,0,0.01,518,0.01,306,-1401.26,301.813,0.127583068,119.2098812,-1418.187803,-180.9367509,0,518
870,30,30,600,0.42,0.26,0.78,0.01,0.004,0.04,0.94,0.05,0,820,0,0.02,524,0.02,312,-1410.85,302.845,0.123043927,122.0721833,-1428.18425,-175.7293986,0,524
870,30,30,600,0.4,0.32,0.79,0.013,0.011,0.05,1.09,0.04,0,1120,0,0.01,503,0.01,300,-1443.4,308.612,0.103358162,116.3600064,-1459.923121,-150.8949704,0,503
870,30,30,650,0.43,0.24,0.74,0.022,0.013,0.03,1.12,0.02,0,1740,0,0,483,0,277,-1386.57,300.142,0.135607493,105.5541786,-1401.558693,-190.0618607,0,483
870,30,30,650,0.42,0.27,0.71,0.01,0.008,0.02,0.96,0.04,0,820,0,0.01,457,0.01,272,-1423.29,306.638,0.111322081,103.2307715,-1437.94877,-160.0754494,0,457
870,30,30,650,0.4,0.31,0.78,0.012,0.01,0.07,1.1,0.13,0,1120,0,0.03,482,0.03,277,-1419.88,303.779,0.118762294,105.5541786,-1434.868693,-170.4082976,0,482
870,30,30,650,0.42,0.22,0.72,0.016,0.014,0.03,1.06,0.01,0,1740,0,0.01,470,0.01,272,-1417.41,305.565,0.115145022,103.2307715,-1432.06877,-164.89559,0,470
870,30,30,650,0.39,0.25,0.73,0.011,0.005,0.06,0.98,0.11,0,820,0.01,0.01,459,0.02,279,-1459.43,311.174,0.09543554,106.4861598,-1474.551035,-140.7245743,0,459
870,30,30,650,0.42,0.32,0.81,0.014,0.007,0.03,1.09,0.04,0,1120,0,0.01,490,0.01,277,-1401.26,301.813,0.127583068,105.5541786,-1416.248693,-180.6893533,0,490
870,30,30,650,0.42,0.26,0.78,0.01,0.004,0.04,0.94,0.05,0,820,0,0.02,485,0.02,280,-1410.85,302.845,0.123043927,106.9527073,-1426.037284,-175.4652275,0,485
870,30,30,650,0.4,0.32,0.79,0.013,0.011,0.05,1.09,0.04,0,1120,0,0.01,483,0.01,277,-1443.4,308.612,0.103358162,105.5541786,-1458.388693,-150.7363748,0,483
870,30,30,550,0.36,0.3,0.73,0.017,0.016,0.05,1.01,0.19,0.16,820,0,0.01,587,0.01,362,-1511.56,320.65,0.071481327,146.3844626,-1532.346594,-109.5341679,0,587
870,30,30,550,0.35,0.3,0.7,0.019,0.012,0.02,1.03,0.01,0.15,1250,0,0.02,571,0.02,341,-1581.28,334.467,0.047909039,136.0760361,-1600.602797,-76.68334183,0,571
870,30,30,550,0.36,0.27,0.79,0.012,0.007,0.03,1.03,0.04,0.17,1120,0,0.01,578,0.01,350,-1535.31,325.153,0.062607299,140.4771788,-1555.257759,-97.37048756,0,578
870,30,30,550,0.36,0.23,0.81,0.014,0.022,0.05,0.99,0.08,0.16,530,0,0,526,0,342,-1521.6,321.625,0.06902653,136.5637924,-1540.992059,-106.3693346,0,526
870,30,30,550,0.34,0.25,0.72,0.019,0.011,0.12,1.01,0.1,0.17,500,0,0.01,535,0.01,352,-1565.45,327.643,0.056872317,141.4586486,-1585.537128,-90.17317016,0,535
870,30,30,550,0.36,0.35,0.74,0.016,0.02,0.05,0.97,0.12,0.15,740,0,0.01,572,0.01,354,-1532.15,324.009,0.064519717,142.4413566,-1552.376673,-100.1589036,0,572
870,30,30,550,0.37,0.23,0.82,0.012,0.017,0.04,1.09,0.05,0.16,530,0.01,0,562,0.01,352,-1497.71,318.189,0.077020282,141.4586486,-1517.797128,-116.9011628,0,562
870,30,30,550,0.35,0.25,0.8,0.02,0.017,0.08,0.99,0.18,0.19,1120,0,0.01,563,0.01,348,-1522.15,320.62,0.070404288,139.4969527,-1541.958567,-108.5604951,0,563
870,30,30,550,0.35,0.25,0.71,0.02,0.013,0.02,1.06,0.02,0.17,1740,0,0,583,0,353,-1569.99,332.544,0.050739304,141.9498482,-1590.146878,-80.68294587,0,583
870,30,30,550,0.33,0.27,0.69,0.015,0.008,0.04,0.99,0.05,0.18,640,0,0,585,0,347,-1613.67,339.165,0.041180569,139.0073077,-1633.409038,-67.26471358,0,585
870,30,30,550,0.35,0.25,0.7,0.026,0.018,0.01,1,0.02,0.16,820,0,0,592,0,350,-1578.1,334.201,0.048404852,140.4771788,-1598.047759,-77.35326528,0,592
870,30,30,550,0.37,0.29,0.76,0.017,0.009,0.12,1.01,0.12,0.16,500,0,0.02,573,0.02,349,-1494.29,314.823,0.083373766,139.9869099,-1514.168141,-126.2419003,0,573
870,30,30,550,0.38,0.27,0.8,0.015,0.012,0.07,1.07,0.12,0.16,1120,0,0.02,536,0.02,377,-1464.94,311.398,0.093670919,153.8297777,-1486.783828,-139.2684076,0,536
870,30,30,550,0.34,0.29,0.71,0.019,0.013,0.11,1.05,0.12,0.16,500,0,0,557,0,350,-1561.82,327.6,0.05720387,140.4771788,-1581.767759,-90.48323728,0,557
870,30,30,600,0.36,0.3,0.73,0.017,0.016,0.05,1.01,0.19,0.16,820,0,0.01,552,0.01,321,-1511.56,320.65,0.071481327,126.3885316,-1529.507171,-109.3312023,0,552
870,30,30,600,0.35,0.3,0.7,0.019,0.012,0.02,1.03,0.01,0.15,1250,0,0.02,519,0.02,309,-1581.28,334.467,0.047909039,120.6394907,-1598.410808,-76.57832572,0,519
870,30,30,600,0.36,0.27,0.79,0.012,0.007,0.03,1.03,0.04,0.17,1120,0,0.01,524,0.01,306,-1535.31,325.153,0.062607299,119.2098812,-1552.237803,-97.18141626,0,524
870,30,30,600,0.36,0.23,0.81,0.014,0.022,0.05,0.99,0.08,0.16,530,0,0,508,0,309,-1521.6,321.625,0.06902653,120.6394907,-1538.730808,-106.2132483,0,508
870,30,30,600,0.34,0.25,0.72,0.019,0.011,0.12,1.01,0.1,0.17,500,0,0.01,490,0.01,320,-1565.45,327.643,0.056872317,125.9075962,-1583.328879,-90.0475819,0,490
870,30,30,600,0.36,0.35,0.74,0.016,0.02,0.05,0.97,0.12,0.15,740,0,0.01,550,0.01,329,-1532.15,324.009,0.064519717,130.2479205,-1550.645205,-100.0471898,0,550
870,30,30,600,0.37,0.23,0.82,0.012,0.017,0.04,1.09,0.05,0.16,530,0.01,0,515,0.01,317,-1497.71,318.189,0.077020282,124.4667935,-1515.384285,-116.7153249,0,515
870,30,30,600,0.35,0.25,0.8,0.02,0.017,0.08,0.99,0.18,0.19,1120,0,0.01,530,0.01,305,-1522.15,320.62,0.070404288,118.734034,-1539.010233,-108.3529197,0,530
870,30,30,600,0.35,0.25,0.71,0.02,0.013,0.02,1.06,0.02,0.17,1740,0,0,546,0,316,-1569.99,332.544,0.050739304,123.9871965,-1587.596182,-80.5535253,0,546
870,30,30,600,0.33,0.27,0.69,0.015,0.008,0.04,0.99,0.05,0.18,640,0,0,535,0,315,-1613.67,339.165,0.041180569,123.5079361,-1631.208127,-67.17407882,0,535
870,30,30,600,0.35,0.25,0.7,0.026,0.018,0.01,1,0.02,0.16,820,0,0,550,0,317,-1578.1,334.201,0.048404852,124.4667935,-1595.774285,-77.24321807,0,550
870,30,30,600,0.37,0.29,0.76,0.017,0.009,0.12,1.01,0.12,0.16,500,0,0.02,542,0.02,322,-1494.29,314.823,0.083373766,126.8697996,-1512.305512,-126.0866058,0,542
870,30,30,600,0.38,0.27,0.8,0.015,0.012,0.07,1.07,0.12,0.16,1120,0,0.02,592,0.02,339,-1464.94,311.398,0.093670919,135.1014763,-1484.12441,-139.0192974,0,592
870,30,30,600,0.34,0.29,0.71,0.019,0.013,0.11,1.05,0.12,0.16,500,0,0,524,0,315,-1561.82,327.6,0.05720387,123.5079361,-1579.358127,-90.34539698,0,524
870,30,30,650,0.36,0.3,0.73,0.017,0.016,0.05,1.01,0.19,0.16,820,0,0.01,497,0.01,286,-1511.56,320.65,0.071481327,109.759724,-1527.145881,-109.1624141,0,497
870,30,30,650,0.35,0.3,0.7,0.019,0.012,0.02,1.03,0.01,0.15,1250,0,0.02,491,0.02,277,-1581.28,334.467,0.047909039,105.5541786,-1596.268693,-76.47569908,0,491
870,30,30,650,0.36,0.27,0.79,0.012,0.007,0.03,1.03,0.04,0.17,1120,0,0.01,463,0.01,271,-1535.31,325.153,0.062607299,102.7672208,-1549.902945,-97.03523712,0,463
870,30,30,650,0.36,0.23,0.81,0.014,0.022,0.05,0.99,0.08,0.16,530,0,0,464,0,274,-1521.6,321.625,0.06902653,104.1590069,-1536.390579,-106.0517104,0,464
870,30,30,650,0.34,0.25,0.72,0.019,0.011,0.12,1.01,0.1,0.17,500,0,0.01,459,0.01,288,-1565.45,327.643,0.056872317,110.6983176,-1581.169161,-89.92475376,0,459
870,30,30,650,0.36,0.35,0.74,0.016,0.02,0.05,0.97,0.12,0.15,740,0,0.01,489,0.01,292,-1532.15,324.009,0.064519717,112.5798392,-1548.136337,-99.88531835,0,489
870,30,30,650,0.37,0.23,0.82,0.012,0.017,0.04,1.09,0.05,0.16,530,0.01,0,477,0.01,287,-1497.71,318.189,0.077020282,110.2288394,-1513.362495,-116.5596061,0,477
870,30,30,650,0.35,0.25,0.8,0.02,0.017,0.08,0.99,0.18,0.19,1120,0,0.01,469,0.01,275,-1522.15,320.62,0.070404288,104.6236894,-1537.006564,-108.2118528,0,469
870,30,30,650,0.35,0.25,0.71,0.02,0.013,0.02,1.06,0.02,0.17,1740,0,0,496,0,290,-1569.99,332.544,0.050739304,111.6383585,-1585.842647,-80.46455216,0,496
870,30,30,650,0.33,0.27,0.69,0.015,0.008,0.04,0.99,0.05,0.18,640,0,0,467,0,284,-1613.67,339.165,0.041180569,108.8225858,-1629.122807,-67.08820417,0,467
870,30,30,650,0.35,0.25,0.7,0.026,0.018,0.01,1,0.02,0.16,820,0,0,511,0,290,-1578.1,334.201,0.048404852,111.6383585,-1593.952647,-77.15504197,0,511
870,30,30,650,0.37,0.29,0.76,0.017,0.009,0.12,1.01,0.12,0.16,500,0,0.02,490,0.02,287,-1494.29,314.823,0.083373766,110.2288394,-1509.942495,-125.8895923,0,490
870,30,30,650,0.38,0.27,0.8,0.015,0.012,0.07,1.07,0.12,0.16,1120,0,0.02,523,0.02,303,-1464.94,311.398,0.093670919,117.7833785,-1481.66524,-138.7889447,0,523
870,30,30,650,0.34,0.29,0.71,0.019,0.013,0.11,1.05,0.12,0.16,500,0,0,476,0,287,-1561.82,327.6,0.05720387,110.2288394,-1577.472495,-90.23753154,0,476
870,30,30,550,0.41,0.24,0.77,0.014,0.015,0.04,1.06,0.05,0.2,530,0,0,610,0,372,-1425.29,305.986,0.111808022,151.3405667,-1446.78036,-161.7616504,0,610
870,30,30,550,0.39,0.27,0.86,0.019,0.008,0.1,0.96,0.12,0.17,500,0,0.01,581,0.01,375,-1444.49,305.686,0.109325164,152.8332086,-1466.192316,-160.2917154,0,581
870,30,30,550,0.43,0.26,0.74,0.019,0.012,0.02,1.07,0.02,0.22,1740,0,0,625,0,375,-1400.02,302.733,0.124727099,152.8332086,-1421.722316,-177.3273,0,625
870,30,30,550,0.4,0.26,0.77,0.018,0.005,0.05,0.98,0.13,0.17,610,0,0.01,562,0.01,371,-1434.83,306.848,0.108138163,150.8436116,-1456.249793,-157.4761775,0,562
870,30,30,550,0.41,0.24,0.8,0.015,0.024,0.03,1.02,0.1,0.18,510,0,0.01,635,0.01,380,-1413.58,303.799,0.119295004,155.3268306,-1435.63641,-171.2642513,0,635
870,30,30,550,0.41,0.25,0.74,0.013,0.019,0.05,0.99,0.08,0.16,700,0,0,566,0,361,-1427.25,305.923,0.111793521,145.8905074,-1447.966452,-161.873268,0,566
870,30,30,550,0.39,0.28,0.77,0.021,0.018,0.09,1.08,0.15,0.19,1120,0,0.01,638,0.01,376,-1440.45,306.681,0.107631785,153.3313461,-1462.223051,-157.3816771,0,638
870,30,30,550,0.37,0.24,0.69,0.018,0.016,0.02,1,0.02,0.19,1740,0,0.01,606,0.01,360,-1535.6,326.627,0.06070938,145.3968557,-1556.246354,-94.47875125,0,606
870,30,30,550,0.42,0.29,0.77,0.015,0.017,0.12,1.1,0.09,0.15,500,0.01,0.01,582,0.02,373,-1386.71,296.194,0.146788558,151.8378183,-1408.27097,-206.718065,0,582
870,30,30,550,0.42,0.28,0.75,0.015,0.008,0.07,1.04,0.12,0.17,820,0,0.01,634,0.01,379,-1392.39,299.048,0.13658812,154.8275205,-1414.375508,-193.1868916,0,634
870,30,30,550,0.4,0.26,0.74,0.024,0.017,0.13,1.01,0.15,0.17,500,0,0,585,0,354,-1425.01,302.501,0.120839687,142.4413566,-1445.236673,-174.6419472,0,585
870,30,30,550,0.4,0.25,0.87,0.011,0.015,0.07,1.06,0.11,0.18,700,0.01,0,603,0.01,367,-1416.42,302.197,0.122832497,148.8587688,-1437.557945,-176.578832,0,603
870,30,30,550,0.4,0.22,0.7,0.01,0.004,0.04,0.94,0.12,0.17,820,0,0.02,625,0.02,373,-1447.56,310.067,0.098996549,151.8378183,-1469.12097,-145.4379061,0,625
870,30,30,550,0.4,0.25,0.74,0.014,0.028,0.24,0.96,0.1,0.18,510,0,0.03,631,0.03,371,-1430.73,299.325,0.128611425,150.8436116,-1452.149793,-186.7630542,0,631
870,30,30,550,0.44,0.26,0.75,0.017,0.012,0.02,1.05,0.02,0.21,1740,0,0,625,0,373,-1380.01,299.025,0.139376547,151.8378183,-1401.57097,-195.3461222,0,625
870,30,30,600,0.41,0.24,0.77,0.014,0.015,0.04,1.06,0.05,0.2,530,0,0,551,0,337,-1425.29,305.986,0.111808022,134.1281914,-1444.336203,-161.488374,0,551
870,30,30,600,0.39,0.27,0.86,0.019,0.008,0.1,0.96,0.12,0.17,500,0,0.01,539,0.01,336,-1444.49,305.686,0.109325164,133.6420289,-1463.467168,-159.9937882,0,539
870,30,30,600,0.43,0.26,0.74,0.019,0.012,0.02,1.07,0.02,0.22,1740,0,0,564,0,334,-1400.02,302.733,0.124727099,132.6706676,-1418.859235,-176.9701962,0,564
870,30,30,600,0.4,0.26,0.77,0.018,0.005,0.05,0.98,0.13,0.17,610,0,0.01,550,0.01,339,-1434.83,306.848,0.108138163,135.1014763,-1454.01441,-157.2344472,0,550
870,30,30,600,0.41,0.24,0.8,0.015,0.024,0.03,1.02,0.1,0.18,510,0,0.01,590,0.01,348,-1413.58,303.799,0.119295004,139.4969527,-1433.388567,-170.9960949,0,590
870,30,30,600,0.41,0.25,0.74,0.013,0.019,0.05,0.99,0.08,0.16,700,0,0,527,0,326,-1427.25,305.923,0.111793521,128.7981812,-1445.539342,-161.6019328,0,527
870,30,30,600,0.39,0.28,0.77,0.021,0.018,0.09,1.08,0.15,0.19,1120,0,0.01,557,0.01,338,-1440.45,306.681,0.107631785,134.6146741,-1459.565284,-157.0956168,0,557
870,30,30,600,0.37,0.24,0.69,0.018,0.016,0.02,1,0.02,0.19,1740,0,0.01,551,0.01,324,-1535.6,326.627,0.06070938,127.8333301,-1553.752333,-94.3273408,0,551
870,30,30,600,0.42,0.29,0.77,0.015,0.017,0.12,1.1,0.09,0.15,500,0.01,0.01,583,0.02,340,-1386.71,296.194,0.146788558,135.5885972,-1405.963581,-206.3793666,0,583
870,30,30,600,0.42,0.28,0.75,0.015,0.008,0.07,1.04,0.12,0.17,820,0,0.01,570,0.01,343,-1392.39,299.048,0.13658812,137.0518652,-1411.851365,-192.8421236,0,570
870,30,30,600,0.4,0.26,0.74,0.024,0.017,0.13,1.01,0.15,0.17,500,0,0,543,0,324,-1425.01,302.501,0.120839687,127.8333301,-1443.162333,-174.3912846,0,543
870,30,30,600,0.4,0.25,0.87,0.011,0.015,0.07,1.06,0.11,0.18,700,0.01,0,543,0.01,328,-1416.42,302.197,0.122832497,129.7643468,-1434.846537,-176.245783,0,543
870,30,30,600,0.4,0.22,0.7,0.01,0.004,0.04,0.94,0.12,0.17,820,0,0.02,563,0.02,338,-1447.56,310.067,0.098996549,134.6146741,-1466.675284,-145.1957916,0,563
870,30,30,600,0.4,0.25,0.74,0.014,0.028,0.24,0.96,0.1,0.18,510,0,0.03,577,0.03,335,-1430.73,299.325,0.128611425,133.1561874,-1449.638179,-186.4400319,0,577
870,30,30,600,0.44,0.26,0.75,0.017,0.012,0.02,1.05,0.02,0.21,1740,0,0,578,0,338,-1380.01,299.025,0.139376547,134.6146741,-1399.125284,-195.0052509,0,578
870,30,30,650,0.41,0.24,0.77,0.014,0.015,0.04,1.06,0.05,0.2,530,0,0,490,0,289,-1425.29,305.986,0.111808022,111.1681576,-1441.075878,-161.1238435,0,490
870,30,30,650,0.39,0.27,0.86,0.019,0.008,0.1,0.96,0.12,0.17,500,0,0.01,496,0.01,301,-1444.49,305.686,0.109325164,116.8341144,-1461.080444,-159.7328592,0,496
870,30,30,650,0.43,0.26,0.74,0.019,0.012,0.02,1.07,0.02,0.22,1740,0,0,511,0,304,-1400.02,302.733,0.124727099,118.2585328,-1416.812712,-176.7149394,0,511
870,30,30,650,0.4,0.26,0.77,0.018,0.005,0.05,0.98,0.13,0.17,610,0,0.01,494,0.01,294,-1434.83,306.848,0.108138163,113.5227519,-1450.950231,-156.9030926,0,494
870,30,30,650,0.41,0.24,0.8,0.015,0.024,0.03,1.02,0.1,0.18,510,0,0.01,517,0.01,309,-1413.58,303.799,0.119295004,120.6394907,-1430.710808,-170.6766515,0,517
870,30,30,650,0.41,0.25,0.74,0.013,0.019,0.05,0.99,0.08,0.16,700,0,0,480,0,295,-1427.25,305.923,0.111793521,113.9947428,-1443.437253,-161.3669329,0,480
870,30,30,650,0.39,0.28,0.77,0.021,0.018,0.09,1.08,0.15,0.19,1120,0,0.01,502,0.01,290,-1440.45,306.681,0.107631785,111.6383585,-1456.302647,-156.7444534,0,502
870,30,30,650,0.37,0.24,0.69,0.018,0.016,0.02,1,0.02,0.19,1740,0,0.01,504,0.01,295,-1535.6,326.627,0.06070938,113.9947428,-1551.787253,-94.20804205,0,504
870,30,30,650,0.42,0.29,0.77,0.015,0.017,0.12,1.1,0.09,0.15,500,0.01,0.01,505,0.02,298,-1386.71,296.194,0.146788558,115.4128429,-1403.098624,-205.9588237,0,505
870,30,30,650,0.42,0.28,0.75,0.015,0.008,0.07,1.04,0.12,0.17,820,0,0.01,502,0.01,291,-1392.39,299.048,0.13658812,112.1089194,-1408.309467,-192.3583424,0,502
870,30,30,650,0.4,0.26,0.74,0.024,0.017,0.13,1.01,0.15,0.17,500,0,0,496,0,294,-1425.01,302.501,0.120839687,113.5227519,-1441.130231,-174.145726,0,496
870,30,30,650,0.4,0.25,0.87,0.011,0.015,0.07,1.06,0.11,0.18,700,0.01,0,501,0.01,302,-1416.42,302.197,0.122832497,117.3085721,-1433.077817,-176.0285267,0,501
870,30,30,650,0.4,0.22,0.7,0.01,0.004,0.04,0.94,0.12,0.17,820,0,0.02,517,0.02,300,-1447.56,310.067,0.098996549,116.3600064,-1464.083121,-144.9391764,0,517
870,30,30,650,0.4,0.25,0.74,0.014,0.028,0.24,0.96,0.1,0.18,510,0,0.03,523,0.03,300,-1430.73,299.325,0.128611425,116.3600064,-1447.253121,-186.1332862,0,523
870,30,30,650,0.44,0.26,0.75,0.017,0.012,0.02,1.05,0.02,0.21,1740,0,0,516,0,307,-1380.01,299.025,0.139376547,119.6860737,-1397.005422,-194.7097919,0,516
870,30,30,550,0.39,0.22,1.57,0.017,0.018,0.05,0.13,0.06,0,480,0,0.01,486,0.01,290,-1433.89,295.7,0.138167738,111.6383585,-1449.742647,-200.3076622,0,486
870,30,30,550,0.38,0.27,1.52,0.012,0.007,0.03,0.13,0.07,0,610,0,0.01,427,0.01,277,-1463.89,301.96,0.115338108,105.5541786,-1478.878693,-170.5710705,0,427
870,30,30,550,0.4,0.25,1.34,0.017,0.015,0.02,0.13,0.02,0,1740,0,0.01,510,0.01,300,-1460.9,303.584,0.112247243,116.3600064,-1477.423121,-165.8366721,0,510
870,30,30,550,0.4,0.22,1.56,0.011,0.019,0.06,0.09,0.05,0,530,0,0.01,451,0.01,281,-1419.43,292.834,0.150265082,107.4196246,-1434.683587,-215.5828468,0,451
870,30,30,550,0.41,0.24,1.51,0.02,0.008,0.04,0.22,0.08,0,610,0.01,0.02,425,0.03,289,-1389.93,289.365,0.169109327,111.1681576,-1405.715878,-237.7196661,0,425
870,30,30,550,0.38,0.21,1.59,0.017,0.015,0.03,0.2,0.05,0,480,0,0,432,0,258,-1449.83,299.161,0.125117334,96.77599184,-1463.572191,-183.1182506,0,432
870,30,30,550,0.4,0.25,1.38,0.017,0.012,0.02,0.03,0.02,0,1740,0,0.01,482,0.01,284,-1463.99,303.339,0.112321289,108.8225858,-1479.442807,-166.1729231,0,482
870,30,30,600,0.39,0.22,1.57,0.017,0.018,0.05,0.13,0.06,0,480,0,0.01,435,0.01,265,-1433.89,295.7,0.138167738,99.99392219,-1448.089137,-200.0792005,0,435
870,30,30,600,0.38,0.27,1.52,0.012,0.007,0.03,0.13,0.07,0,610,0,0.01,406,0.01,255,-1463.89,301.96,0.115338108,95.40276838,-1477.437193,-170.4048105,0,406
870,30,30,600,0.4,0.25,1.34,0.017,0.015,0.02,0.13,0.02,0,1740,0,0.01,470,0.01,275,-1460.9,303.584,0.112247243,104.6236894,-1475.756564,-165.6496056,0,470
870,30,30,600,0.4,0.22,1.56,0.011,0.019,0.06,0.09,0.05,0,530,0,0.01,438,0.01,259,-1419.43,292.834,0.150265082,97.23452298,-1433.237302,-215.3655208,0,438
870,30,30,600,0.41,0.24,1.51,0.02,0.008,0.04,0.22,0.08,0,610,0.01,0.02,404,0.03,263,-1389.93,289.365,0.169109327,99.07256595,-1403.998304,-237.4292084,0,404
870,30,30,600,0.38,0.21,1.59,0.017,0.015,0.03,0.2,0.05,0,480,0,0,406,0,238,-1449.83,299.161,0.125117334,87.68978855,-1462.28195,-182.9568191,0,406
870,30,30,600,0.4,0.25,1.38,0.017,0.012,0.02,0.03,0.02,0,1740,0,0.01,443,0.01,260,-1463.99,303.339,0.112321289,97.69344714,-1477.862469,-165.9954175,0,443
870,30,30,650,0.39,0.22,1.57,0.017,0.018,0.05,0.13,0.06,0,480,0,0.01,397,0.01,239,-1433.89,295.7,0.138167738,88.14019919,-1446.405908,-199.8466326,0,397
870,30,30,650,0.38,0.27,1.52,0.012,0.007,0.03,0.13,0.07,0,610,0,0.01,385,0.01,241,-1463.89,301.96,0.115338108,89.04227421,-1476.534003,-170.3006383,0,385
870,30,30,650,0.4,0.25,1.34,0.017,0.015,0.02,0.13,0.02,0,1740,0,0.01,425,0.01,246,-1460.9,303.584,0.112247243,91.30471275,-1473.865269,-165.437313,0,425
870,30,30,650,0.4,0.22,1.56,0.011,0.019,0.06,0.09,0.05,0,530,0,0.01,396,0.01,229,-1419.43,292.834,0.150265082,83.65514869,-1431.309031,-215.0757689,0,396
870,30,30,650,0.41,0.24,1.51,0.02,0.008,0.04,0.22,0.08,0,610,0.01,0.02,380,0.03,242,-1389.93,289.365,0.169109327,89.4939359,-1402.638139,-237.1991917,0,380
870,30,30,650,0.38,0.21,1.59,0.017,0.015,0.03,0.2,0.05,0,480,0,0,363,0,227,-1449.83,299.161,0.125117334,82.76328274,-1461.582386,-182.8692916,0,363
870,30,30,650,0.4,0.25,1.38,0.017,0.012,0.02,0.03,0.02,0,1740,0,0.01,398,0.01,235,-1463.99,303.339,0.112321289,86.34108062,-1476.250433,-165.8143516,0,398
870,30,30,550,0.42,0.23,1.5,0.01,0.009,0.04,0.15,0.05,0,820,0,0,505,0,302,-1383.27,288.066,0.17579131,117.3085721,-1399.927817,-246.0951449,0,505
870,30,30,550,0.43,0.34,1.38,0.017,0.01,0.08,0.26,0.1,0,1100,0,0,536,0,311,-1361.73,284.401,0.196651192,121.594278,-1378.996387,-271.1812834,0,536
870,30,30,550,0.42,0.21,1.6,0.014,0.015,0.03,0.12,0.07,0,480,0,0,484,0,298,-1366.6,284.501,0.194463561,115.4128429,-1382.988624,-268.9408926,0,484
870,30,30,550,0.42,0.24,1.58,0.014,0.022,0.06,0.17,0.07,0,480,0,0,495,0,302,-1364.58,283.504,0.199396528,117.3085721,-1381.237817,-275.4140251,0,495
870,30,30,550,0.42,0.21,1.51,0.026,0.019,0.02,0.12,0.01,0,1510,0,0.03,551,0.03,317,-1397.63,291.063,0.161665966,124.4667935,-1415.304285,-228.8065344,0,551
870,30,30,550,0.45,0.33,1.58,0.008,0.007,0.06,0.1,0.08,0,740,0,0.01,477,0.01,303,-1312.07,274.126,0.26412725,117.7833785,-1328.79524,-350.9710325,0,477
870,30,30,550,0.41,0.34,1.36,0.02,0.015,0.07,0.27,0.1,0,1100,0,0,530,0,313,-1405.7,292.595,0.154264027,122.5504287,-1423.102161,-219.5334702,0,530
870,30,30,550,0.4,0.25,1.47,0.027,0.016,0.02,0.04,0.01,0,1510,0,0.02,516,0.02,300,-1454.19,300.839,0.120337279,116.3600064,-1470.713121,-176.9816152,0,516
870,30,30,550,0.41,0.22,1.48,0.01,0.007,0.03,0.08,0.06,0,820,0,0.01,445,0.01,287,-1410.38,293.001,0.151731307,110.2288394,-1426.032495,-216.3737743,0,445
870,30,30,550,0.46,0.3,1.49,0.014,0.008,0.1,0.26,0.1,0,1100,0,0,551,0,321,-1281.42,268.766,0.310867577,126.3885316,-1299.367171,-403.9311242,0,551
870,30,30,550,0.43,0.26,1.46,0.012,0.017,0.02,0.19,0.02,0,1740,0,0,510,0,306,-1377.28,288.273,0.17685917,119.2098812,-1394.207803,-246.5784349,0,510
870,30,30,550,0.41,0.22,1.58,0.014,0.018,0.04,0.13,0.05,0,480,0,0,443,0,297,-1394.08,289.122,0.169020028,114.9397893,-1410.40145,-238.3860926,0,443
870,30,30,600,0.42,0.23,1.5,0.01,0.009,0.04,0.15,0.05,0,820,0,0,449,0,265,-1383.27,288.066,0.17579131,99.99392219,-1397.469137,-245.6629303,0,449
870,30,30,600,0.43,0.34,1.38,0.017,0.01,0.08,0.26,0.1,0,1100,0,0,502,0,287,-1361.73,284.401,0.196651192,110.2288394,-1377.382495,-270.8639095,0,502
870,30,30,600,0.42,0.21,1.6,0.014,0.015,0.03,0.12,0.07,0,480,0,0,451,0,272,-1366.6,284.501,0.194463561,103.2307715,-1381.25877,-268.604499,0,451
870,30,30,600,0.42,0.24,1.58,0.014,0.022,0.06,0.17,0.07,0,480,0,0,459,0,270,-1364.58,283.504,0.199396528,102.3040494,-1379.107175,-274.9891824,0,459
870,30,30,600,0.42,0.21,1.51,0.026,0.019,0.02,0.12,0.01,0,1510,0,0.03,497,0.03,286,-1397.63,291.063,0.161665966,109.759724,-1413.215881,-228.4689105,0,497
870,30,30,600,0.45,0.33,1.58,0.008,0.007,0.06,0.1,0.08,0,740,0,0.01,451,0.01,277,-1312.07,274.126,0.26412725,105.5541786,-1327.058693,-350.5123633,0,451
870,30,30,600,0.41,0.34,1.36,0.02,0.015,0.07,0.27,0.1,0,1100,0,0,497,0,286,-1405.7,292.595,0.154264027,109.759724,-1421.285881,-219.2532835,0,497
870,30,30,600,0.4,0.25,1.47,0.027,0.016,0.02,0.04,0.01,0,1510,0,0.02,461,0.02,270,-1454.19,300.839,0.120337279,102.3040494,-1468.717175,-176.7414285,0,461
870,30,30,600,0.41,0.22,1.48,0.01,0.007,0.03,0.08,0.06,0,820,0,0.01,399,0.01,260,-1410.38,293.001,0.151731307,97.69344714,-1424.252469,-216.1036887,0,399
870,30,30,600,0.46,0.3,1.49,0.014,0.008,0.1,0.26,0.1,0,1100,0,0,502,0,294,-1281.42,268.766,0.310867577,113.5227519,-1297.540231,-403.3631876,0,502
870,30,30,600,0.43,0.26,1.46,0.012,0.017,0.02,0.19,0.02,0,1740,0,0,490,0,280,-1377.28,288.273,0.17685917,106.9527073,-1392.467284,-246.2706082,0,490
870,30,30,600,0.41,0.22,1.58,0.014,0.018,0.04,0.13,0.05,0,480,0,0,424,0,273,-1394.08,289.122,0.169020028,103.6947006,-1408.804647,-238.116201,0,424
870,30,30,650,0.42,0.23,1.5,0.01,0.009,0.04,0.15,0.05,0,820,0,0,411,0,242,-1383.27,288.066,0.17579131,89.4939359,-1395.978139,-245.4008258,0,411
870,30,30,650,0.43,0.34,1.38,0.017,0.01,0.08,0.26,0.1,0,1100,0,0,448,0,260,-1361.73,284.401,0.196651192,97.69344714,-1375.602469,-270.5138653,0,448
870,30,30,650,0.42,0.21,1.6,0.014,0.015,0.03,0.12,0.07,0,480,0,0,404,0,242,-1366.6,284.501,0.194463561,89.4939359,-1379.308139,-268.2251724,0,404
870,30,30,650,0.42,0.24,1.58,0.014,0.022,0.06,0.17,0.07,0,480,0,0,411,0,243,-1364.58,283.504,0.199396528,89.94601192,-1377.352334,-274.6392732,0,411
870,30,30,650,0.42,0.21,1.51,0.026,0.019,0.02,0.12,0.01,0,1510,0,0.03,438,0.03,255,-1397.63,291.063,0.161665966,95.40276838,-1411.177193,-228.1393241,0,438
870,30,30,650,0.45,0.33,1.58,0.008,0.007,0.06,0.1,0.08,0,740,0,0.01,410,0.01,250,-1312.07,274.126,0.26412725,93.12203507,-1325.293329,-350.0460824,0,410
870,30,30,650,0.41,0.34,1.36,0.02,0.015,0.07,0.27,0.1,0,1100,0,0,450,0,263,-1405.7,292.595,0.154264027,99.07256595,-1419.768304,-219.019176,0,450
870,30,30,650,0.4,0.25,1.47,0.027,0.016,0.02,0.04,0.01,0,1510,0,0.02,410,0.02,242,-1454.19,300.839,0.120337279,89.4939359,-1466.898139,-176.5225306,0,410
870,30,30,650,0.41,0.22,1.48,0.01,0.007,0.03,0.08,0.06,0,820,0,0.01,383,0.01,237,-1410.38,293.001,0.151731307,87.23979766,-1422.768051,-215.878456,0,383
870,30,30,650,0.46,0.3,1.49,0.014,0.008,0.1,0.26,0.1,0,1100,0,0,460,0,265,-1281.42,268.766,0.310867577,99.99392219,-1295.619137,-402.7659818,0,460
870,30,30,650,0.43,0.26,1.46,0.012,0.017,0.02,0.19,0.02,0,1740,0,0,442,0,257,-1377.28,288.273,0.17685917,96.31785489,-1390.957135,-246.0035245,0,442
870,30,30,650,0.41,0.22,1.58,0.014,0.018,0.04,0.13,0.05,0,480,0,0,399,0,241,-1394.08,289.122,0.169020028,89.04227421,-1406.724003,-237.7645304,0,399
900,30,30,550,0.32,0.3,0.49,0.008,0.006,2.66,0.82,0.09,0,610,0,0.01,563,0.01,315,-1460.18,250.844,0.354270995,123.5079361,-1477.718127,-523.5126712,0,563
900,30,30,550,0.32,0.24,0.58,0.009,0.01,2.65,0.71,0.06,0,700,0.01,0.03,530,0.04,299,-1463.76,250.901,0.351927242,115.8862489,-1480.215847,-520.9282807,0,530
900,30,30,550,0.32,0.29,0.54,0.018,0.004,2.64,0.75,0.05,0,420,0,0.02,570,0.02,319,-1470.75,252.289,0.338454818,125.4269942,-1488.560633,-503.8105182,0,570
900,30,30,550,0.35,0.26,0.54,0.019,0.003,2.78,0.89,0.05,0,420,0,0.02,578,0.02,341,-1370.03,233.135,0.584449727,136.0760361,-1389.352797,-812.006863,0,578
900,30,30,550,0.31,0.22,0.56,0.016,0.016,2.63,0.71,0.1,0,700,0,0.01,537,0.01,301,-1482.61,255.093,0.314084435,116.8341144,-1499.200444,-470.8755245,0,537
900,30,30,550,0.33,0.3,0.49,0.009,0.006,2.66,0.82,0.06,0,820,0,0.01,569,0.01,319,-1443.51,247.407,0.389822224,125.4269942,-1461.320633,-569.6552592,0,569
900,30,30,550,0.28,0.27,0.53,0.019,0.009,2.67,0.87,0.05,0,420,0,0.02,576,0.02,322,-1543.58,267.073,0.22412466,126.8697996,-1561.595512,-349.9920631,0,576
900,30,30,550,0.34,0.26,0.65,0.01,0.009,2.63,0.84,0.05,0,700,0,0.01,549,0.01,313,-1394.05,239.533,0.493510527,122.5504287,-1411.452161,-696.5664997,0,549
900,30,30,550,0.3,0.27,0.53,0.018,0.008,2.7,0.81,0.07,0,820,0,0.01,522,0.01,312,-1499.44,257.77,0.290040507,122.0721833,-1516.77425,-439.9259725,0,522
900,30,30,550,0.32,0.3,0.52,0.013,0.009,2.67,0.77,0.06,0,1740,0,0,570,0,316,-1467.41,251.432,0.346338079,123.9871965,-1485.016182,-514.3176517,0,570
900,30,30,600,0.32,0.3,0.49,0.008,0.006,2.66,0.82,0.09,0,610,0,0.01,510,0.01,288,-1460.18,250.844,0.354270995,110.6983176,-1475.899161,-522.8682643,0,510
900,30,30,600,0.32,0.24,0.58,0.009,0.01,2.65,0.71,0.06,0,700,0.01,0.03,510,0.04,279,-1463.76,250.901,0.351927242,106.4861598,-1478.881035,-520.4585238,0,510
900,30,30,600,0.32,0.29,0.54,0.018,0.004,2.64,0.75,0.05,0,420,0,0.02,517,0.02,296,-1470.75,252.289,0.338454818,114.4670889,-1487.004327,-503.2837787,0,517
900,30,30,600,0.35,0.26,0.54,0.019,0.003,2.78,0.89,0.05,0,420,0,0.02,540,0.02,318,-1370.03,233.135,0.584449727,124.9467263,-1387.772435,-811.0832209,0,540
900,30,30,600,0.31,0.22,0.56,0.016,0.016,2.63,0.71,0.1,0,700,0,0.01,518,0.01,282,-1482.61,255.093,0.314084435,107.8869109,-1497.929941,-470.4764793,0,518
900,30,30,600,0.33,0.3,0.49,0.009,0.006,2.66,0.82,0.06,0,820,0,0.01,523,0.01,292,-1443.51,247.407,0.389822224,112.5798392,-1459.496337,-568.9441081,0,523
900,30,30,600,0.28,0.27,0.53,0.019,0.009,2.67,0.87,0.05,0,420,0,0.02,537,0.02,301,-1543.58,267.073,0.22412466,116.8341144,-1560.170444,-349.6726704,0,537
900,30,30,600,0.34,0.26,0.65,0.01,0.009,2.63,0.84,0.05,0,700,0,0.01,536,0.01,291,-1394.05,239.533,0.493510527,112.1089194,-1409.969467,-695.8347745,0,536
900,30,30,600,0.3,0.27,0.53,0.018,0.008,2.7,0.81,0.07,0,820,0,0.01,503,0.01,281,-1499.44,257.77,0.290040507,107.4196246,-1514.693587,-439.3224958,0,503
900,30,30,600,0.32,0.3,0.52,0.013,0.009,2.67,0.77,0.06,0,1740,0,0,540,0,290,-1467.41,251.432,0.346338079,111.6383585,-1483.262647,-513.7103358,0,540
900,30,30,650,0.32,0.3,0.49,0.008,0.006,2.66,0.82,0.09,0,610,0,0.01,490,0.01,267,-1460.18,250.844,0.354270995,100.9168227,-1474.510189,-522.3761917,0,490
900,30,30,650,0.32,0.24,0.58,0.009,0.01,2.65,0.71,0.06,0,700,0.01,0.03,477,0.04,261,-1463.76,250.901,0.351927242,98.15276313,-1477.697692,-520.0420734,0,477
900,30,30,650,0.32,0.29,0.54,0.018,0.004,2.64,0.75,0.05,0,420,0,0.02,483,0.02,268,-1470.75,252.289,0.338454818,101.3788493,-1485.145797,-502.6547503,0,483
900,30,30,650,0.35,0.26,0.54,0.019,0.003,2.78,0.89,0.05,0,420,0,0.02,503,0.02,286,-1370.03,233.135,0.584449727,109.759724,-1385.615881,-809.8228233,0,503
900,30,30,650,0.31,0.22,0.56,0.016,0.016,2.63,0.71,0.1,0,700,0,0.01,471,0.01,261,-1482.61,255.093,0.314084435,98.15276313,-1496.547692,-470.0423364,0,471
900,30,30,650,0.33,0.3,0.49,0.009,0.006,2.66,0.82,0.06,0,820,0,0.01,476,0.01,267,-1443.51,247.407,0.389822224,100.9168227,-1457.840189,-568.2985046,0,476
900,30,30,650,0.28,0.27,0.53,0.019,0.009,2.67,0.87,0.05,0,420,0,0.02,502,0.02,268,-1543.58,267.073,0.22412466,101.3788493,-1557.975797,-349.1807957,0,502
900,30,30,650,0.34,0.26,0.65,0.01,0.009,2.63,0.84,0.05,0,700,0,0.01,496,0.01,268,-1394.05,239.533,0.493510527,101.3788493,-1408.445797,-695.0828273,0,496
900,30,30,650,0.3,0.27,0.53,0.018,0.008,2.7,0.81,0.07,0,820,0,0.01,471,0.01,262,-1499.44,257.77,0.290040507,98.61246978,-1513.442971,-438.9597665,0,471
900,30,30,650,0.32,0.3,0.52,0.013,0.009,2.67,0.77,0.06,0,1740,0,0,497,0,264,-1467.41,251.432,0.346338079,99.53305047,-1481.543693,-513.1149966,0,497
870,30,30,580,0.39,0.19,0.77,0.01,0.012,1.67,0.72,0.07,0.18,640,0,0,591,0,342,-1354.92,247.115,0.442422473,136.5637924,-1374.312059,-608.0265396,0,591
870,30,30,580,0.4,0.23,0.7,0.011,0.01,1.82,0.78,0.09,0.18,740,0,0.01,590,0.01,338,-1323.06,239.005,0.550264595,134.6146741,-1342.175284,-738.5515389,0,590
870,30,30,580,0.4,0.29,0.79,0.022,0.009,1.92,0.96,0.05,0.24,420,0,0.01,606,0.01,359,-1291.63,232.496,0.660286674,144.9035082,-1312.206298,-866.4323322,0,606
870,30,30,580,0.4,0.25,0.7,0.021,0.02,1.63,0.71,0.08,0.17,590,0,0.01,584,0.01,347,-1351.06,247.014,0.446470823,139.0073077,-1370.799038,-612.0217745,0,584
870,30,30,580,0.38,0.26,0.71,0.016,0.017,1.8,0.75,0.04,0.23,5530,0,0.01,604,0.01,354,-1382.3,249.451,0.404522668,142.4413566,-1402.526673,-567.3538316,0,604
870,30,30,580,0.4,0.33,0.73,0.011,0.012,1.71,0.74,0.08,0.2,1290,0,0,591,0,340,-1342.07,243.865,0.482518456,135.5885972,-1361.323581,-656.8637523,0,591
870,30,30,580,0.42,0.25,0.73,0.012,0.021,1.69,0.73,0.09,0.22,640,0.01,0.01,588,0.02,345,-1295.53,236.035,0.609703729,138.0289576,-1315.130112,-801.8397334,0,588
870,30,30,580,0.38,0.26,0.71,0.016,0.008,1.66,0.72,0.12,0.16,590,0.01,0,588,0.01,347,-1381.08,252.225,0.382497354,139.0073077,-1400.819038,-535.8095754,0,588
870,30,30,580,0.41,0.29,0.74,0.013,0.01,1.84,0.74,0.12,0.22,820,0,0,550,0,348,-1297.99,233.931,0.634419767,139.4969527,-1317.798567,-836.03746,0,550
870,30,30,580,0.39,0.25,0.71,0.015,0.013,1.76,0.82,0.09,0.23,640,0,0,609,0,360,-1344.97,244.275,0.476494702,145.3968557,-1365.616354,-650.7089574,0,609
870,30,30,580,0.38,0.29,0.7,0.012,0.008,1.75,0.74,0.07,0.19,820,0.01,0.01,604,0.02,348,-1384.85,250.913,0.390780533,139.4969527,-1404.658567,-548.9132236,0,604
870,30,30,580,0.42,0.3,0.78,0.016,0.004,1.9,0.86,0.04,0.24,420,0,0,619,0,369,-1267.98,227.773,0.754218079,149.8505934,-1289.258784,-972.3822836,0,619
870,30,30,580,0.37,0.29,0.76,0.017,0.01,1.88,0.9,0.03,0.24,420,0,0.01,643,0.01,367,-1374.67,247.666,0.424701517,148.8587688,-1395.807945,-592.8017518,0,643
870,30,30,580,0.43,0.26,0.68,0.012,0.018,1.62,0.68,0.09,0.17,590,0,0,569,0,345,-1293.98,236.76,0.602611471,138.0289576,-1313.580112,-791.5784436,0,569
870,30,30,630,0.39,0.19,0.77,0.01,0.012,1.67,0.72,0.07,0.18,640,0,0,551,0,307,-1354.92,247.115,0.442422473,119.6860737,-1371.915422,-606.966214,0,551
870,30,30,630,0.4,0.23,0.7,0.011,0.01,1.82,0.78,0.09,0.18,740,0,0.01,543,0.01,307,-1323.06,239.005,0.550264595,119.6860737,-1340.055422,-737.3850543,0,543
870,30,30,630,0.4,0.29,0.79,0.022,0.009,1.92,0.96,0.05,0.24,420,0,0.01,543,0.01,328,-1291.63,232.496,0.660286674,129.7643468,-1310.056537,-865.0128737,0,543
870,30,30,630,0.4,0.25,0.7,0.021,0.02,1.63,0.71,0.08,0.17,590,0,0.01,524,0.01,309,-1351.06,247.014,0.446470823,120.6394907,-1368.190808,-610.8572759,0,524
870,30,30,630,0.38,0.26,0.71,0.016,0.017,1.8,0.75,0.04,0.23,5530,0,0.01,571,0.01,318,-1382.3,249.451,0.404522668,124.9467263,-1400.042435,-566.3489012,0,571
870,30,30,630,0.4,0.33,0.73,0.011,0.012,1.71,0.74,0.08,0.2,1290,0,0,542,0,310,-1342.07,243.865,0.482518456,121.1167135,-1359.268573,-655.8721733,0,542
870,30,30,630,0.42,0.25,0.73,0.012,0.021,1.69,0.73,0.09,0.22,640,0.01,0.01,531,0.02,315,-1295.53,236.035,0.609703729,123.5079361,-1313.068127,-800.5825334,0,531
870,30,30,630,0.38,0.26,0.71,0.016,0.008,1.66,0.72,0.12,0.16,590,0.01,0,531,0.01,309,-1381.08,252.225,0.382497354,120.6394907,-1398.210808,-534.8119343,0,531
870,30,30,630,0.41,0.29,0.74,0.013,0.01,1.84,0.74,0.12,0.22,820,0,0,512,0,316,-1297.99,233.931,0.634419767,123.9871965,-1315.596182,-834.6402232,0,512
870,30,30,630,0.39,0.25,0.71,0.015,0.013,1.76,0.82,0.09,0.23,640,0,0,563,0,322,-1344.97,244.275,0.476494702,126.8697996,-1362.985512,-649.4553752,0,563
870,30,30,630,0.38,0.29,0.7,0.012,0.008,1.75,0.74,0.07,0.19,820,0.01,0.01,550,0.02,312,-1384.85,250.913,0.390780533,122.0721833,-1402.18425,-547.9463086,0,550
870,30,30,630,0.42,0.3,0.78,0.016,0.004,1.9,0.86,0.04,0.24,420,0,0,583,0,337,-1267.98,227.773,0.754218079,134.1281914,-1287.026203,-970.6984306,0,583
870,30,30,630,0.37,0.29,0.76,0.017,0.01,1.88,0.9,0.03,0.24,420,0,0.01,583,0.01,336,-1374.67,247.666,0.424701517,133.6420289,-1393.647168,-591.8840665,0,583
870,30,30,630,0.43,0.26,0.68,0.012,0.018,1.62,0.68,0.09,0.17,590,0,0,550,0,313,-1293.98,236.76,0.602611471,122.5504287,-1311.382161,-790.253933,0,550
870,30,30,680,0.39,0.19,0.77,0.01,0.012,1.67,0.72,0.07,0.18,640,0,0,482,0,270,-1354.92,247.115,0.442422473,102.3040494,-1369.447175,-605.8742058,0,482
870,30,30,680,0.4,0.23,0.7,0.011,0.01,1.82,0.78,0.09,0.18,740,0,0.01,482,0.01,276,-1323.06,239.005,0.550264595,105.088747,-1337.982602,-736.2444546,0,482
870,30,30,680,0.4,0.29,0.79,0.022,0.009,1.92,0.96,0.05,0.24,420,0,0.01,490,0.01,282,-1291.63,232.496,0.660286674,107.8869109,-1306.949941,-862.9616299,0,490
870,30,30,680,0.4,0.25,0.7,0.021,0.02,1.63,0.71,0.08,0.17,590,0,0.01,476,0.01,274,-1351.06,247.014,0.446470823,104.1590069,-1365.850579,-609.8124321,0,476
870,30,30,680,0.38,0.26,0.71,0.016,0.017,1.8,0.75,0.04,0.23,5530,0,0.01,483,0.01,276,-1382.3,249.451,0.404522668,105.088747,-1397.222602,-565.2082148,0,483
870,30,30,680,0.4,0.33,0.73,0.011,0.012,1.71,0.74,0.08,0.2,1290,0,0,480,0,276,-1342.07,243.865,0.482518456,105.088747,-1356.992602,-654.7739752,0,480
870,30,30,680,0.42,0.25,0.73,0.012,0.021,1.69,0.73,0.09,0.22,640,0.01,0.01,491,0.02,280,-1295.53,236.035,0.609703729,106.9527073,-1310.717284,-799.149216,0,491
870,30,30,680,0.38,0.26,0.71,0.016,0.008,1.66,0.72,0.12,0.16,590,0.01,0,471,0.01,271,-1381.08,252.225,0.382497354,102.7672208,-1395.672945,-533.8412086,0,471
870,30,30,680,0.41,0.29,0.74,0.013,0.01,1.84,0.74,0.12,0.22,820,0,0,469,0,279,-1297.99,233.931,0.634419767,106.4861598,-1313.111035,-833.0635967,0,469
870,30,30,680,0.39,0.25,0.71,0.015,0.013,1.76,0.82,0.09,0.23,640,0,0,490,0,285,-1344.97,244.275,0.476494702,109.2909725,-1360.489318,-648.2659522,0,490
870,30,30,680,0.38,0.29,0.7,0.012,0.008,1.75,0.74,0.07,0.19,820,0.01,0.01,483,0.02,279,-1384.85,250.913,0.390780533,106.4861598,-1399.971035,-547.0814271,0,483
870,30,30,680,0.42,0.3,0.78,0.016,0.004,1.9,0.86,0.04,0.24,420,0,0,498,0,284,-1267.98,227.773,0.754218079,108.8225858,-1283.432807,-967.9882264,0,498
870,30,30,680,0.37,0.29,0.76,0.017,0.01,1.88,0.9,0.03,0.24,420,0,0.01,491,0.01,283,-1374.67,247.666,0.424701517,108.3545649,-1390.056348,-590.3590398,0,491
870,30,30,680,0.43,0.26,0.68,0.012,0.018,1.62,0.68,0.09,0.17,590,0,0,463,0,277,-1293.98,236.76,0.602611471,105.5541786,-1308.968693,-788.7995498,0,463
870,30,30,580,0.47,0.28,0.72,0.011,0.007,1.76,0.79,0.06,0,740,0,0.01,600,0.01,357,-1185.34,215.435,1.112340463,143.9177284,-1205.776317,-1341.233787,0,600
870,30,30,580,0.47,0.19,0.76,0.013,0.013,1.67,0.71,0.06,0,640,0,0,615,0,358,-1189.27,217.544,1.059172831,144.4104655,-1209.776286,-1281.362174,0,615
870,30,30,580,0.44,0.25,0.74,0.01,0.009,1.74,0.79,0.09,0,820,0,0.02,607,0.02,358,-1237.87,225.344,0.835403825,144.4104655,-1258.376286,-1051.252363,0,607
870,30,30,580,0.45,0.16,0.79,0.009,0.016,1.65,0.73,0.05,0,640,0,0,596,0,348,-1225.35,224.411,0.86862448,139.4969527,-1245.158567,-1081.575213,0,596
870,30,30,580,0.48,0.2,0.7,0.01,0.016,1.66,0.73,0.11,0,640,0,0,618,0,358,-1166.83,214.176,1.176800538,144.4104655,-1187.336286,-1397.25798,0,618
870,30,30,580,0.49,0.29,0.69,0.014,0.011,1.8,0.77,0.07,0,820,0,0.01,585,0.01,367,-1146.71,207.868,1.381496107,148.8587688,-1167.847945,-1613.37739,0,585
870,30,30,630,0.47,0.28,0.72,0.011,0.007,1.76,0.79,0.06,0,740,0,0.01,551,0.01,322,-1185.34,215.435,1.112340463,126.8697996,-1203.355512,-1338.541027,0,551
870,30,30,630,0.47,0.19,0.76,0.013,0.013,1.67,0.71,0.06,0,640,0,0,556,0,318,-1189.27,217.544,1.059172831,124.9467263,-1207.012435,-1278.434778,0,556
870,30,30,630,0.44,0.25,0.74,0.01,0.009,1.74,0.79,0.09,0,820,0,0.02,550,0.02,323,-1237.87,225.344,0.835403825,127.3513993,-1255.953899,-1049.228691,0,550
870,30,30,630,0.45,0.16,0.79,0.009,0.016,1.65,0.73,0.05,0,640,0,0,537,0,312,-1225.35,224.411,0.86862448,122.0721833,-1242.68425,-1079.42596,0,537
870,30,30,630,0.48,0.2,0.7,0.01,0.016,1.66,0.73,0.11,0,640,0,0,543,0,322,-1166.83,214.176,1.176800538,126.8697996,-1184.845512,-1394.326835,0,543
870,30,30,630,0.49,0.29,0.69,0.014,0.011,1.8,0.77,0.07,0,820,0,0.01,543,0.01,328,-1146.71,207.868,1.381496107,129.7643468,-1165.136537,-1609.63159,0,543
870,30,30,680,0.47,0.28,0.72,0.011,0.007,1.76,0.79,0.06,0,740,0,0.01,471,0.01,288,-1185.34,215.435,1.112340463,110.6983176,-1201.059161,-1335.986703,0,471
870,30,30,680,0.47,0.19,0.76,0.013,0.013,1.67,0.71,0.06,0,640,0,0,476,0,281,-1189.27,217.544,1.059172831,107.4196246,-1204.523587,-1275.798657,0,476
870,30,30,680,0.44,0.25,0.74,0.01,0.009,1.74,0.79,0.09,0,820,0,0.02,482,0.02,287,-1237.87,225.344,0.835403825,110.2288394,-1253.522495,-1047.197487,0,482
870,30,30,680,0.45,0.16,0.79,0.009,0.016,1.65,0.73,0.05,0,640,0,0,477,0,281,-1225.35,224.411,0.86862448,107.4196246,-1240.603587,-1077.618645,0,477
870,30,30,680,0.48,0.2,0.7,0.01,0.016,1.66,0.73,0.11,0,640,0,0,491,0,286,-1166.83,214.176,1.176800538,109.759724,-1182.415881,-1391.467645,0,491
870,30,30,680,0.49,0.29,0.69,0.014,0.011,1.8,0.77,0.07,0,820,0,0.01,479,0.01,290,-1146.71,207.868,1.381496107,111.6383585,-1162.562647,-1606.075771,0,479
845,30,30,430,0.6,1.96,0.85,0.019,0.004,0.05,0.15,0.12,0,721,0,0.021,781,0.021,525,-1235.59,266.244,0.357578445,230.5531441,-1268.328546,-453.5269494,0,781
845,30,30,430,0.59,1.99,0.92,0.027,0.01,0.01,0.15,0.01,0,1228,0,0,698,0,523,-1275.37,274.68,0.281071084,229.4804094,-1307.956218,-367.6286721,0,698
845,30,30,430,0.61,2.05,0.86,0.019,0.014,0.16,0.16,0.12,0,1455,0,0.01,906,0.01,525,-1213.12,257.538,0.446445199,230.5531441,-1245.858546,-556.2075667,0,906
845,30,30,500,0.6,1.96,0.85,0.019,0.004,0.05,0.15,0.12,0,721,0,0.021,740,0.021,444,-1235.59,266.244,0.357578445,187.8650147,-1262.266832,-451.359411,0,740
845,30,30,500,0.59,1.99,0.92,0.027,0.01,0.01,0.15,0.01,0,1228,0,0,678,0,444,-1275.37,274.68,0.281071084,187.8650147,-1302.046832,-365.9677145,0,678
845,30,30,500,0.61,2.05,0.86,0.019,0.014,0.16,0.16,0.12,0,1455,0,0.01,770,0.01,442,-1213.12,257.538,0.446445199,186.8315159,-1239.650075,-553.4358245,0,770
845,30,30,420,0.61,0.28,0.87,0.019,0.02,0.08,0.87,0.2,0.05,622,0,0.012,794,0.012,507,-999.091,225.638,1.241404054,220.9315181,-1030.463276,-1279.221288,0,794
845,30,30,420,0.63,0.17,0.77,0.026,0.014,0.03,0.81,0.02,0.01,289,0,0,855,0,501,-1010.86,230.516,1.106764036,217.7409869,-1041.77922,-1153.003774,0,855
845,30,30,420,0.62,0.29,0.88,0.026,0.007,0.05,0.75,0.12,0.03,796,0,0.004,768,0.004,496,-1007.93,227.913,1.167983154,215.0886759,-1038.472592,-1212.918493,0,768
845,30,30,490,0.61,0.28,0.87,0.019,0.02,0.08,0.87,0.2,0.05,622,0,0.012,745,0.012,441,-999.091,225.638,1.241404054,186.3151552,-1025.547752,-1273.119137,0,745
845,30,30,490,0.63,0.17,0.77,0.026,0.014,0.03,0.81,0.02,0.01,289,0,0,707,0,424,-1010.86,230.516,1.106764036,177.5771462,-1036.075955,-1146.691605,0,707
845,30,30,490,0.62,0.29,0.88,0.026,0.007,0.05,0.75,0.12,0.03,796,0,0.004,718,0.004,445,-1007.93,227.913,1.167983154,188.3821519,-1034.680266,-1208.48912,0,718
845,30,30,430,0.53,1.49,0.69,0.011,0.007,0.02,0.74,0.01,0,925,0,0,874,0,516,-1332.66,289.165,0.187416017,225.7330211,-1364.714089,-255.7692789,0,874
845,30,30,430,0.53,1.31,0.75,0.004,0.004,0.04,0.63,0.06,0.01,1455,0.01,0.01,829,0.02,498,-1304.1,282.235,0.226749536,216.1488918,-1334.793143,-302.6637257,0,829
845,30,30,430,0.53,1.51,0.68,0.013,0.011,0.13,0.68,0.26,0.05,622,0,0.058,700,0.058,520,-1276.48,274.118,0.281556114,227.8730142,-1308.837968,-368.5113321,0,700
845,30,30,500,0.54,1.5,0.69,0.013,0.007,0.02,0.74,0.01,0,925,0,0,806,0,435,-1314.99,285.982,0.206399286,183.2224621,-1341.00759,-276.783009,0,806
845,30,30,500,0.53,1.31,0.75,0.007,0.003,0.04,0.64,0.06,0.01,1455,0.01,0.01,720,0.02,416,-1303.21,282.118,0.227654422,173.4917799,-1327.845833,-302.2899756,0,720
845,30,30,500,0.53,1.5,0.67,0.014,0.011,0.13,0.67,0.26,0.05,622,0,0.058,688,0.058,444,-1278.32,274.482,0.278579335,187.8650147,-1304.996832,-363.5451497,0,688
930,930,60,160,0.21,0.29,0.62,0.015,0.016,1.62,0.59,0.07,0.21,440,0,0,1034,0,750,-735.796,140.67,28.01668389,356.4882286,-786.4173285,-22032.8057,130,904
930,930,60,160,0.23,0.35,0.51,0.008,0.012,1.69,0.55,0.11,0.18,860,0.01,0,1139,0.01,760,-691.794,132.37,30.69501262,362.3046798,-743.2412645,-22813.79999,110,1029
930,930,60,160,0.17,0.28,0.55,0.002,0.016,1.64,0.45,0.05,0.16,440,0,0.008,1002,0.008,750,-741.089,140.717,28.00220301,356.4882286,-791.7103285,-22169.63334,140,862
930,930,60,160,0.21,0.29,0.62,0.015,0.016,1.62,0.59,0.07,0.21,440,0,0,1056,0,760,-662.999,128.803,31.92333305,362.3046798,-714.4462645,-22807.50605,130,926
930,930,60,160,0.23,0.35,0.51,0.008,0.012,1.69,0.55,0.11,0.18,860,0.01,0,1124,0.01,760,-655.587,126.532,32.73085418,362.3046798,-707.0342645,-23141.83541,120,1004
930,930,60,160,0.17,0.28,0.55,0.002,0.016,1.64,0.45,0.05,0.16,440,0,0.008,1082,0.008,760,-649.902,125.958,32.9381706,362.3046798,-701.3492645,-23101.16173,140,942
930,930,140,160,0.21,0.29,0.62,0.015,0.016,1.62,0.59,0.07,0.21,440,0,0,1054,0,760,-662.999,128.803,31.92333305,362.3046798,-714.4462645,-22807.50605,150,904
930,930,140,160,0.23,0.35,0.51,0.008,0.012,1.69,0.55,0.11,0.18,860,0.01,0,1190,0.01,760,-655.587,126.532,32.73085418,362.3046798,-707.0342645,-23141.83541,140,1050
930,930,140,160,0.17,0.28,0.55,0.002,0.016,1.64,0.45,0.05,0.16,440,0,0.008,935,0.008,790,-649.902,125.958,32.9381706,379.8553936,-703.8414659,-23183.25028,180,755
930,930,60,200,0.21,0.29,0.62,0.015,0.016,1.62,0.59,0.07,0.21,440,0,0,1037,0,710,-662.999,128.803,31.92333305,333.3960872,-710.3412444,-22676.46012,90,947
930,930,60,200,0.23,0.35,0.51,0.008,0.012,1.69,0.55,0.11,0.18,860,0.01,0,1110,0.01,730,-655.587,126.532,32.73085418,344.9070578,-704.5638022,-23060.97507,80,1030
930,930,60,200,0.17,0.28,0.55,0.002,0.016,1.64,0.45,0.05,0.16,440,0,0.008,1035,0.008,720,-649.902,125.958,32.9381706,339.1427033,-698.0602639,-22992.82806,110,925
930,930,60,160,0.2,0.32,0.77,0.024,0.028,0.46,0.47,0.2,0.19,390,0,0,927,0,800,-822.132,179.473,18.28291809,385.7388575,-876.9069178,-16032.41735,140,787
930,930,60,160,0.23,0.29,0.85,0.011,0.011,0.44,0.6,0.07,0.16,440,0,0,976,0,790,-859.529,186.911,16.84660556,379.8553936,-913.4684659,-15388.84294,140,836
930,930,60,160,0.18,0.26,0.76,0.009,0.014,0.56,0.62,0.12,0.17,690,0,0,986,0,760,-772.904,168.337,20.66544922,362.3046798,-824.3512645,-17035.5892,160,826
930,930,60,160,0.2,0.32,0.77,0.024,0.028,0.46,0.47,0.2,0.19,390,0,0,956,0,790,-696.743,156.37,23.57295749,379.8553936,-750.6824659,-17695.80586,130,826
930,930,60,160,0.23,0.29,0.85,0.011,0.011,0.44,0.6,0.07,0.16,440,0,0,946,0,800,-715.459,160.367,22.55897939,385.7388575,-770.2339178,-17375.69108,110,836
930,930,60,160,0.18,0.26,0.76,0.009,0.014,0.56,0.62,0.12,0.17,690,0,0,1089,0,790,-718.997,158.49,23.02959634,379.8553936,-772.9364659,-17800.4148,130,959
930,930,140,160,0.2,0.32,0.77,0.024,0.028,0.46,0.47,0.2,0.19,390,0,0,960,0,780,-696.743,156.37,23.57295749,373.9884324,-749.8493574,-17676.16703,160,800
930,930,140,160,0.23,0.29,0.85,0.011,0.011,0.44,0.6,0.07,0.16,440,0,0,1033,0,810,-715.459,160.367,22.55897939,391.6386635,-771.0716902,-17394.59037,190,843
930,930,140,160,0.18,0.26,0.76,0.009,0.014,0.56,0.62,0.12,0.17,690,0,0,1080,0,800,-718.997,158.49,23.02959634,385.7388575,-773.7719178,-17819.65492,190,890
930,930,60,200,0.2,0.32,0.77,0.024,0.028,0.46,0.47,0.2,0.19,390,0,0,924,0,760,-696.743,156.37,23.57295749,362.3046798,-748.1902645,-17637.0573,110,814
930,930,60,200,0.23,0.29,0.85,0.011,0.011,0.44,0.6,0.07,0.16,440,0,0,1009,0,750,-715.459,160.367,22.55897939,356.4882286,-766.0803285,-17281.99034,90,919
930,930,60,200,0.18,0.26,0.76,0.009,0.014,0.56,0.62,0.12,0.17,690,0,0,1053,0,760,-718.997,158.49,23.02959634,362.3046798,-770.4442645,-17743.02041,120,933
930,930,60,160,0.21,0.3,0.76,0.021,0.006,0.08,1.09,0.14,0.03,460,0,0.004,854,0.004,720,-731.487,176.068,18.98069075,339.1427033,-779.6452639,-14798.20565,160,694
930,930,60,160,0.23,0.2,0.8,0.013,0.018,0.04,1.14,0.07,0.02,690,0,0.01,1086,0.01,730,-659.492,163.189,21.86946094,344.9070578,-708.4688022,-15493.8308,140,946
930,930,60,160,0.19,0.21,0.77,0.017,0.011,0.12,1.02,0.16,0.05,390,0.004,0,889,0.004,710,-719.926,172.334,19.77653603,333.3960872,-767.2682444,-15173.90808,180,709
930,930,60,160,0.21,0.3,0.76,0.021,0.006,0.08,1.09,0.14,0.03,460,0,0.004,884,0.004,730,-643.262,158.688,22.97949246,344.9070578,-692.2388022,-15907.29634,160,724
930,930,60,160,0.23,0.2,0.8,0.013,0.018,0.04,1.14,0.07,0.02,690,0,0.01,1057,0.01,720,-589.5,149.172,25.5152978,339.1427033,-637.6582639,-16270.0405,200,857
930,930,60,160,0.19,0.21,0.77,0.017,0.011,0.12,1.02,0.16,0.05,390,0.004,0,900,0.004,720,-631.367,154.976,23.93721081,339.1427033,-679.5252639,-16265.93949,180,720
930,930,140,160,0.21,0.3,0.76,0.021,0.006,0.08,1.09,0.14,0.03,460,0,0.004,876,0.004,740,-643.262,158.688,22.97949246,350.6889611,-693.0598325,-15926.16319,190,686
930,930,140,160,0.23,0.2,0.8,0.013,0.018,0.04,1.14,0.07,0.02,690,0,0.01,1068,0.01,710,-589.5,149.172,25.5152978,333.3960872,-636.8422444,-16249.21952,190,878
930,930,140,160,0.19,0.21,0.77,0.017,0.011,0.12,1.02,0.16,0.05,390,0.004,0,838,0.004,730,-631.367,154.976,23.93721081,344.9070578,-680.3438022,-16285.53302,190,648
930,930,60,200,0.21,0.3,0.76,0.021,0.006,0.08,1.09,0.14,0.03,460,0,0.004,873,0.004,670,-643.262,158.688,22.97949246,310.5909626,-687.3659167,-15795.3199,130,743
930,930,60,200,0.23,0.2,0.8,0.013,0.018,0.04,1.14,0.07,0.02,690,0,0.01,1120,0.01,670,-589.5,149.172,25.5152978,310.5909626,-633.6039167,-16166.59262,85,1035
930,930,60,200,0.19,0.21,0.77,0.017,0.011,0.12,1.02,0.16,0.05,390,0.004,0,898,0.004,660,-631.367,154.976,23.93721081,304.936051,-674.6679192,-16149.66821,130,768
930,930,60,160,0.21,0.31,0.81,0.012,0.019,0.06,1.17,0.07,0.17,690,0,0,1074,0,730,-623.148,155.18,23.88355594,344.9070578,-672.1248022,-16052.73031,120,954
930,930,60,160,0.21,0.26,0.65,0.015,0.024,0.02,0.91,0.01,0.15,240,0.01,0,1006,0.01,730,-727.905,177.496,18.6848715,344.9070578,-776.8818022,-14515.93665,170,836
930,930,60,160,0.18,0.25,0.79,0.016,0.015,0.07,1.08,0.08,0.15,530,0.004,0.008,858,0.012,730,-691.051,168.241,20.68728346,344.9070578,-740.0278022,-15309.16491,180,678
930,930,60,160,0.21,0.31,0.81,0.012,0.019,0.06,1.17,0.07,0.17,690,0,0,1144,0,740,-762.869,182.755,17.63464064,350.6889611,-812.6668325,-14331.08755,140,1004
930,930,60,160,0.21,0.26,0.65,0.015,0.024,0.02,0.91,0.01,0.15,240,0.01,0,1028,0.01,720,-816.7,194.939,15.42271135,339.1427033,-864.8582639,-13338.45936,180,848
930,930,60,160,0.18,0.25,0.79,0.016,0.015,0.07,1.08,0.08,0.15,530,0.004,0.008,948,0.012,730,-761.744,182.092,17.76372019,344.9070578,-810.7208022,-14401.41749,190,758
930,930,140,160,0.21,0.31,0.81,0.012,0.019,0.06,1.17,0.07,0.17,690,0,0,1080,0,720,-762.869,182.755,17.63464064,339.1427033,-811.0272639,-14302.17435,190,890
930,930,140,160,0.21,0.26,0.65,0.015,0.024,0.02,0.91,0.01,0.15,240,0.01,0,1030,0.01,740,-816.7,194.939,15.42271135,350.6889611,-866.4978325,-13363.74596,200,830
930,930,140,160,0.18,0.25,0.79,0.016,0.015,0.07,1.08,0.08,0.15,530,0.004,0.008,957,0.012,730,-761.744,182.092,17.76372019,344.9070578,-810.7208022,-14401.41749,210,747
930,930,60,200,0.21,0.31,0.81,0.012,0.019,0.06,1.17,0.07,0.17,690,0,0,1104,0,680,-762.869,182.755,17.63464064,316.2646343,-807.7785781,-14244.88494,90,1014
930,930,60,200,0.21,0.26,0.65,0.015,0.024,0.02,0.91,0.01,0.15,240,0.01,0,1008,0.01,680,-816.7,194.939,15.42271135,316.2646343,-861.6095781,-13288.35582,140,868
930,930,60,200,0.18,0.25,0.79,0.016,0.015,0.07,1.08,0.08,0.15,530,0.004,0.008,882,0.012,680,-761.744,182.092,17.76372019,316.2646343,-806.6535781,-14329.16845,130,752